time,O_x,O_y,O_z,L_x,L_y,L_z,A_x,A_y,A_z,G_x,G_y,G_z,M_x,M_y,M_z,Q_w,Q_x,Q_y,Q_z,T,D1,D2
1749725779.1698887,0.00,0.00,0.00,0.00,0.00,0.00,0.00,0.00,0.00,0.00,0.00,0.00,0.00,0.00,0.00,0.0000,0.0000,0.0000,0.0000,0,73,81
1749725779.2997203,0.00,0.00,0.00,0.00,0.00,0.00,0.00,0.00,0.00,0.00,0.00,0.00,0.00,0.00,0.00,0.0000,0.0000,0.0000,0.0000,0,73,80
1749725779.4404387,0.00,0.00,0.00,0.00,0.00,0.00,0.00,0.00,0.00,0.00,0.00,0.00,0.00,0.00,0.00,0.0000,0.0000,0.0000,0.0000,32,74,80
1749725779.5628738,359.94,4.00,-79.69,-0.04,-0.71,-0.15,0.64,8.90,1.58,-0.01,-0.01,0.01,-19.69,-37.25,-23.06,0.7676,0.6393,-0.0456,0.0001,32,73,80
1749725779.704382,359.94,4.13,-79.62,-0.06,-0.75,-0.09,0.70,8.86,1.66,-0.02,-0.02,0.01,-19.69,-36.50,-21.87,0.7678,0.6390,-0.0472,0.0002,32,73,80
1749725779.8295949,0.00,4.19,-79.56,-0.08,-0.75,-0.12,0.64,8.86,1.63,-0.02,-0.01,0.01,-19.25,-35.75,-23.37,0.7682,0.6384,-0.0480,-0.0001,32,73,80
1749725779.9709644,0.00,4.25,-79.50,-0.01,-0.69,-0.10,0.71,8.91,1.67,-0.01,-0.00,0.00,-11.88,-21.75,-13.50,0.7686,0.6378,-0.0489,-0.0002,32,73,81
1749725780.1034482,0.00,4.31,-79.44,0.01,-0.79,-0.02,0.75,8.81,1.76,0.01,-0.00,0.00,-11.06,-22.56,-12.00,0.7689,0.6375,-0.0493,-0.0003,32,73,81
1749725780.229107,0.00,4.31,-79.37,-0.02,-0.71,-0.10,0.71,8.89,1.69,0.00,-0.01,-0.00,-11.88,-21.50,-14.00,0.7690,0.6373,-0.0494,-0.0003,32,73,81
1749725780.367053,0.06,4.31,-79.44,-0.07,-0.71,-0.11,0.66,8.90,1.67,-0.01,-0.01,-0.01,-11.06,-21.75,-12.75,0.7690,0.6373,-0.0498,-0.0006,32,73,80
1749725780.494742,0.12,4.31,-79.44,-0.05,-0.77,-0.08,0.69,8.83,1.70,0.01,-0.02,-0.00,-11.50,-22.56,-13.56,0.7690,0.6373,-0.0504,-0.0010,32,73,80
1749725780.634071,0.19,4.38,-79.44,0.04,0.00,0.03,0.78,9.61,1.85,-0.01,-0.00,-0.01,-11.88,-22.56,-14.00,0.7690,0.6373,-0.0507,-0.0013,32,72,80
1749725780.7630227,0.19,4.31,-79.44,0.01,0.00,-0.01,0.76,9.60,1.77,-0.00,-0.00,-0.00,-11.50,-22.19,-13.56,0.7689,0.6374,-0.0507,-0.0014,32,72,79
1749725780.8946586,0.25,4.31,-79.44,0.06,-0.08,0.05,0.80,9.52,1.84,0.02,-0.02,-0.01,-11.88,-21.50,-14.38,0.7689,0.6374,-0.0507,-0.0018,32,72,79
1749725781.036101,0.25,4.31,-79.44,0.04,0.00,0.05,0.79,9.60,1.84,-0.00,-0.01,-0.01,-13.00,-22.19,-13.56,0.7687,0.6375,-0.0509,-0.0019,32,73,79
1749725781.1621115,0.25,4.31,-79.44,-0.02,-0.06,0.00,0.71,9.54,1.78,-0.01,-0.00,-0.02,-11.06,-21.75,-14.38,0.7687,0.6375,-0.0508,-0.0021,32,73,79
1749725781.299231,0.31,4.25,-79.44,-0.03,0.00,0.04,0.70,9.61,1.83,0.01,0.01,0.00,-11.06,-21.06,-13.19,0.7689,0.6373,-0.0507,-0.0023,32,72,79
1749725781.426056,0.31,4.25,-79.44,-0.02,-0.02,0.07,0.71,9.58,1.86,-0.01,0.01,-0.00,-11.50,-21.06,-13.56,0.7690,0.6372,-0.0506,-0.0021,32,73,79
1749725781.5629559,0.25,4.25,-79.37,0.00,-0.05,0.02,0.74,9.55,1.81,0.01,-0.01,0.01,-11.88,-21.50,-13.56,0.7690,0.6371,-0.0505,-0.0020,32,72,79
1749725781.70235,0.25,4.38,-79.37,-0.01,0.00,0.01,0.73,9.61,1.80,-0.00,-0.02,0.01,-12.25,-21.75,-14.38,0.7690,0.6371,-0.0512,-0.0018,32,72,79
1749725781.8252692,0.25,4.38,-79.37,0.01,-0.06,0.09,0.77,9.54,1.89,-0.02,-0.02,0.00,-11.88,-22.19,-13.19,0.7692,0.6369,-0.0516,-0.0020,32,72,79
1749725781.962002,0.25,4.44,-79.31,0.07,0.00,0.04,0.83,9.59,1.85,-0.01,-0.01,0.01,-11.50,-21.06,-14.00,0.7696,0.6364,-0.0522,-0.0020,32,72,79
1749725782.1019595,0.25,4.44,-79.25,0.01,-0.03,0.15,0.78,9.57,1.97,-0.01,-0.01,0.00,-11.50,-21.50,-13.19,0.7700,0.6359,-0.0521,-0.0020,32,72,79
1749725782.2289197,0.31,4.44,-79.19,0.03,-0.11,-0.01,0.80,9.48,1.80,-0.00,0.00,0.01,-12.25,-21.06,-13.19,0.7701,0.6357,-0.0524,-0.0021,32,72,79
1749725782.3628128,0.31,4.44,-79.12,-0.03,-0.02,0.07,0.72,9.57,1.90,-0.02,-0.00,-0.00,-11.50,-21.50,-14.00,0.7705,0.6353,-0.0523,-0.0021,32,71,79
1749725782.496746,0.37,4.38,-79.00,0.01,0.00,-0.01,0.76,9.59,1.84,-0.02,-0.01,-0.01,-13.00,-22.19,-13.56,0.7712,0.6345,-0.0521,-0.0026,32,71,78
1749725782.6310003,0.44,4.31,-78.81,-0.11,-0.05,0.04,0.62,9.53,1.93,-0.01,0.03,-0.01,-12.56,-21.69,-13.50,0.7723,0.6332,-0.0515,-0.0029,32,71,78
1749725782.769137,0.50,4.06,-77.75,-0.09,-0.09,-1.65,0.59,9.45,0.47,-0.65,0.12,-0.14,-12.56,-21.25,-13.50,0.7800,0.6238,-0.0482,-0.0041,32,71,77
1749725782.8918767,2.44,0.94,-68.12,1.24,6.90,-4.01,1.40,16.01,-0.36,-1.58,0.16,-0.61,-11.00,-19.19,-17.00,0.8280,0.5601,-0.0219,-0.0176,32,76,76
1749725783.0341375,5.31,-1.25,-52.81,-0.80,-7.90,0.18,-1.02,-0.08,6.10,-2.38,0.03,-0.66,-10.56,-15.50,-20.75,0.8946,0.4449,-0.0080,-0.0416,32,86,80
1749725783.1601877,9.13,-3.75,-39.75,0.76,-5.01,4.46,-0.64,0.70,11.98,-0.49,-0.03,-0.17,-9.19,-9.50,-24.25,0.9377,0.3389,0.0082,-0.0758,32,87,79
1749725783.2917128,11.06,-3.44,-49.75,-0.61,-3.08,3.50,-1.21,4.39,9.81,2.60,-0.31,0.39,-9.38,-9.25,-24.06,0.9025,0.4218,-0.0071,-0.0875,32,79,72
1749725783.4267142,10.88,-1.69,-69.62,-0.37,-6.16,-4.42,-0.66,3.02,-1.02,2.38,0.27,0.11,-10.00,-14.25,-21.75,0.8170,0.5703,-0.0361,-0.0778,32,73,69
1749725783.5658405,7.31,-2.06,-71.56,-1.57,12.89,-1.10,-1.93,22.19,1.98,1.23,-0.53,-0.13,-8.06,-17.75,-20.37,0.8058,0.5895,-0.0169,-0.0540,32,75,75
1749725783.690791,7.50,-1.56,-71.12,1.40,-1.20,-1.94,1.13,8.07,1.21,-1.76,0.37,-0.28,-8.50,-20.06,-17.25,0.8163,0.5748,-0.0180,-0.0535,32,79,80
1749725783.8279893,7.06,-2.06,-59.69,1.63,0.09,-5.69,1.27,8.47,-0.60,-1.77,-0.07,0.04,-6.56,-16.37,-19.25,0.8696,0.4907,-0.0095,-0.0538,32,79,79
1749725783.963032,8.88,-4.81,-41.25,-0.24,-1.96,-1.62,-1.07,4.48,5.71,-2.66,-0.14,-0.46,-6.75,-11.75,-23.69,0.9364,0.3425,0.0178,-0.0741,32,170,82
1749725784.1236298,10.56,-5.94,-26.19,-0.01,-3.15,3.31,-1.03,1.15,12.07,-0.93,-0.31,-0.10,-6.69,-3.19,-27.25,0.9686,0.2298,0.0323,-0.0898,32,171,0
1749725784.261547,11.75,-5.94,-35.50,-0.56,-6.05,2.08,-1.58,-0.38,10.02,2.22,-0.04,0.21,-6.25,-4.19,-26.19,0.9461,0.3080,0.0233,-0.0974,32,166,75
1749725784.3900802,11.38,-3.69,-49.69,-1.41,-6.08,-1.33,-1.99,1.52,4.82,2.28,-0.35,0.36,-7.56,-9.75,-22.87,0.8979,0.4311,-0.0096,-0.0891,32,73,70
1749725784.521617,10.31,-1.19,-63.63,1.24,5.71,-2.13,1.03,14.50,2.21,0.36,-0.09,0.16,-6.88,-14.69,-20.69,0.8461,0.5264,-0.0352,-0.0767,32,69,74
1749725784.6570015,8.63,1.00,-64.94,1.40,3.38,-3.21,1.58,12.26,0.94,-0.27,-0.03,0.29,-8.88,-16.50,-18.56,0.8420,0.5334,-0.0516,-0.0627,32,69,79
1749725784.7936788,8.38,0.63,-56.06,0.14,1.52,-4.01,0.25,9.66,1.45,-2.37,0.11,-0.14,-8.50,-15.00,-20.19,0.8856,0.4582,-0.0390,-0.0657,32,69,78
1749725784.9290078,9.13,-2.50,-37.31,1.54,1.37,-1.50,0.59,7.33,7.60,-2.32,0.49,-0.39,-7.25,-9.75,-24.19,0.9475,0.3103,0.0013,-0.0767,32,173,81
1749725785.0855508,10.38,-5.31,-24.69,0.33,-4.50,4.57,-1.43,-0.34,13.00,-0.09,-0.08,-0.24,-5.88,-2.38,-25.37,0.9717,0.2164,0.0283,-0.0899,32,173,0
1749725785.222551,11.50,-5.75,-37.75,-0.49,-5.83,-0.45,-1.56,0.71,6.47,2.63,-0.05,0.05,-5.69,-3.38,-26.19,0.9361,0.3381,0.0188,-0.0952,32,81,73
1749725785.3522773,10.75,-4.19,-58.88,0.93,1.27,-6.22,0.21,9.65,-1.17,2.57,-0.05,0.38,-4.75,-12.00,-21.25,0.8665,0.4923,-0.0043,-0.0820,32,73,69
1749725785.491749,7.88,-2.06,-66.69,-0.09,5.82,-2.93,-0.44,14.82,0.94,0.43,0.05,0.24,-4.75,-16.00,-17.87,0.8331,0.5498,-0.0161,-0.0574,32,71,71
1749725785.6190379,7.75,-2.00,-61.31,1.40,4.31,-4.38,1.05,12.91,0.31,-2.08,0.08,-0.08,-5.38,-17.56,-18.69,0.8632,0.5012,-0.0126,-0.0586,32,71,73
1749725785.746092,8.00,-3.69,-40.56,1.01,-3.38,-2.71,0.38,2.98,4.71,-2.96,0.30,-0.29,-6.38,-10.88,-23.19,0.9399,0.3347,0.0128,-0.0663,32,75,79
1749725785.9067562,8.75,-5.69,-25.37,-0.75,-5.75,7.96,-1.72,-1.65,16.82,-0.98,-0.14,-0.30,-4.75,-5.25,-25.56,0.9725,0.2176,0.0342,-0.0760,32,166,0
1749725786.0387518,8.56,-4.44,-33.13,-0.97,-4.38,0.23,-1.74,0.96,8.42,2.69,-0.17,0.27,-4.69,-3.06,-25.75,0.9513,0.2995,0.0173,-0.0710,32,85,83
1749725786.1738598,6.69,-1.19,-55.19,0.54,-6.65,-5.14,0.38,1.56,0.21,3.06,-0.13,0.54,-5.06,-10.50,-23.75,0.8778,0.4761,-0.0178,-0.0495,32,75,79
1749725786.3149796,2.81,1.00,-70.06,-1.91,4.65,-2.03,-1.73,13.86,1.30,1.00,0.08,0.22,-6.19,-17.69,-17.37,0.8166,0.5764,-0.0266,-0.0176,32,66,76
1749725786.4330392,1.06,1.81,-66.00,-0.35,6.03,-0.02,-0.04,14.98,3.95,-0.89,0.18,-0.15,-6.19,-19.06,-16.19,0.8385,0.5443,-0.0243,-0.0078,32,66,78
1749725786.5727086,0.63,0.12,-55.19,1.29,0.13,-4.29,1.32,8.18,1.30,-2.09,0.52,-0.23,-5.38,-17.25,-20.25,0.8907,0.4546,-0.0013,-0.0049,32,69,76
1749725786.705003,2.94,-4.69,-35.00,-0.84,-3.41,-0.62,-1.86,2.67,7.98,-2.55,0.17,-0.86,-3.88,-9.00,-23.87,0.9561,0.2893,0.0378,-0.0277,32,163,79
1749725786.8616376,6.75,-7.00,-20.31,-0.39,-3.69,5.29,-1.59,-0.31,14.42,-0.81,0.01,-0.27,-2.69,-2.00,-26.25,0.9807,0.1791,0.0520,-0.0582,32,169,0
1749725786.9970572,7.81,-5.94,-30.25,-0.40,-4.70,-1.27,-1.43,0.20,7.14,2.45,-0.22,0.22,-3.00,-2.00,-25.87,0.9619,0.2630,0.0363,-0.0659,32,86,77
1749725787.1362903,6.81,-2.69,-51.88,0.47,-5.53,-1.81,0.01,2.17,4.22,3.15,-0.20,0.46,-3.25,-8.00,-23.50,0.8907,0.4516,-0.0026,-0.0519,32,75,76
1749725787.267981,3.63,0.44,-69.31,-0.70,4.95,-2.64,-0.88,11.90,0.11,1.56,-0.23,0.54,-4.69,-16.87,-18.19,0.8177,0.5746,-0.0258,-0.0247,32,68,75
1749725787.3937163,2.06,2.00,-71.31,1.32,4.42,-3.01,1.67,13.68,0.19,-0.87,0.05,0.08,-4.69,-19.87,-16.06,0.8147,0.5789,-0.0324,-0.0146,32,67,76
1749725787.5328755,2.00,1.00,-58.50,-0.50,-0.56,-2.10,-0.33,7.79,3.01,-2.10,0.02,-0.35,-5.00,-18.00,-17.69,0.8721,0.4888,-0.0189,-0.0155,32,68,76
1749725787.6657262,3.75,-1.69,-45.31,-0.71,-4.43,1.98,-1.01,2.53,8.87,-1.32,0.20,-0.24,-4.50,-12.38,-23.37,0.9243,0.3805,0.0050,-0.0306,32,72,77
1749725787.794584,3.88,-2.38,-43.69,0.46,0.81,1.64,0.04,7.59,8.72,0.53,0.03,0.04,-3.38,-9.00,-23.37,0.9263,0.3753,0.0098,-0.0315,32,73,75
1749725787.9206982,2.88,-1.75,-49.88,-0.77,-0.25,-0.41,-0.93,7.20,5.86,1.03,-0.03,0.11,-3.25,-11.69,-23.00,0.9042,0.4265,0.0059,-0.0226,32,73,73
1749725788.0550754,2.56,-1.06,-56.56,-0.04,-0.27,-0.34,-0.22,7.95,4.98,0.84,-0.05,0.09,-3.25,-14.25,-21.69,0.8782,0.4778,-0.0003,-0.0197,32,74,74
1749725788.1835558,2.13,-0.19,-62.69,-0.44,0.36,-0.74,-0.48,9.08,3.74,0.53,-0.05,0.09,-3.25,-16.19,-19.25,0.8538,0.5203,-0.0073,-0.0161,32,75,73
1749725788.3200595,1.63,0.75,-64.94,0.41,1.06,-0.67,0.55,9.95,3.47,0.23,-0.11,0.09,-4.38,-17.06,-18.75,0.8429,0.5377,-0.0163,-0.0121,32,75,73
1749725788.4480226,1.37,1.37,-66.12,0.19,0.38,-0.55,0.43,9.34,3.40,0.13,-0.00,0.10,-4.38,-17.87,-18.75,0.8375,0.5460,-0.0212,-0.0099,32,75,73
1749725788.5864398,0.81,1.63,-67.25,-0.02,-0.09,-0.41,0.20,8.88,3.31,0.12,0.05,0.03,-4.38,-18.25,-18.00,0.8322,0.5540,-0.0211,-0.0059,32,75,73
1749725788.7140799,0.44,1.75,-67.87,0.02,0.06,-0.30,0.33,9.15,3.36,0.10,-0.00,0.05,-4.69,-17.87,-16.37,0.8290,0.5588,-0.0212,-0.0030,32,76,73
1749725788.8506007,0.19,2.00,-68.94,0.06,-0.01,-0.32,0.41,9.12,3.19,0.11,-0.02,0.02,-4.69,-18.00,-17.19,0.8243,0.5656,-0.0228,-0.0018,32,75,73
1749725788.9718852,359.69,2.13,-68.94,-0.23,0.12,0.03,0.13,9.26,3.55,-0.01,0.00,0.03,-5.06,-18.69,-16.37,0.8242,0.5659,-0.0214,0.0019,32,75,73
1749725789.1082456,359.69,2.31,-69.00,0.07,0.08,-0.12,0.47,9.23,3.38,-0.12,0.03,0.03,-4.19,-18.69,-16.75,0.8241,0.5659,-0.0235,0.0024,32,75,74
1749725789.235261,359.50,2.44,-68.75,-0.37,0.05,-0.07,0.03,9.18,3.47,0.01,-0.04,-0.02,-4.25,-18.00,-16.75,0.8252,0.5644,-0.0237,0.0031,32,75,74
1749725789.3720737,359.63,2.50,-68.56,0.14,0.00,-0.02,0.58,9.11,3.54,0.02,-0.01,-0.00,-4.56,-19.06,-17.56,0.8259,0.5633,-0.0250,0.0024,32,75,74
1749725789.5025454,359.69,2.44,-68.62,-0.07,-0.15,-0.01,0.32,8.97,3.54,-0.00,-0.03,-0.01,-4.56,-19.06,-17.56,0.8257,0.5636,-0.0251,0.0018,32,75,74
1749725789.6310737,359.81,2.44,-68.75,-0.09,0.03,-0.01,0.33,9.17,3.52,0.03,-0.01,-0.01,-4.56,-19.06,-18.00,0.8251,0.5644,-0.0257,0.0011,32,75,74
1749725789.7711124,359.88,2.44,-69.00,-0.06,-0.05,-0.10,0.35,9.09,3.39,0.03,-0.01,-0.02,-5.00,-18.00,-18.00,0.8239,0.5662,-0.0258,0.0007,32,75,73
1749725789.9027636,359.94,2.44,-69.31,-0.02,-0.11,-0.13,0.39,9.04,3.32,0.03,-0.01,-0.01,-5.38,-19.50,-16.00,0.8223,0.5684,-0.0261,0.0004,32,76,73
1749725790.0246935,0.00,2.44,-69.56,-0.07,-0.03,-0.07,0.35,9.15,3.34,0.04,-0.02,0.01,-5.00,-19.87,-16.37,0.8209,0.5705,-0.0266,-0.0002,32,75,73
1749725790.1610928,0.06,2.44,-69.81,0.04,0.07,-0.11,0.42,9.26,3.24,0.03,-0.01,-0.00,-5.38,-19.50,-16.75,0.8198,0.5720,-0.0269,-0.0006,32,75,73
1749725790.3028035,0.06,2.44,-69.94,-0.02,0.00,-0.08,0.39,9.20,3.26,0.01,-0.00,-0.01,-5.00,-19.50,-16.00,0.8190,0.5731,-0.0269,-0.0005,32,75,73
1749725790.4270585,0.06,2.44,-69.94,0.04,-0.09,0.00,0.47,9.11,3.35,-0.01,-0.01,0.01,-4.56,-18.69,-17.56,0.8192,0.5729,-0.0269,-0.0005,32,75,73
1749725790.56127,0.06,2.50,-69.87,-0.09,0.00,-0.03,0.34,9.17,3.29,0.01,-0.01,0.01,-5.00,-18.69,-17.19,0.8195,0.5724,-0.0272,-0.0007,32,76,73
1749725790.7014577,0.06,2.50,-69.87,-0.04,-0.06,-0.05,0.39,9.13,3.31,-0.01,0.00,0.01,-5.00,-19.06,-18.37,0.8196,0.5723,-0.0275,-0.0007,32,75,73
1749725790.8365211,0.06,2.56,-69.75,0.07,-0.04,-0.11,0.51,9.14,3.27,-0.01,-0.01,0.01,-5.00,-19.06,-16.00,0.8201,0.5715,-0.0278,-0.0005,32,75,73
1749725790.9601867,0.00,2.63,-69.69,-0.02,-0.05,-0.04,0.42,9.13,3.34,-0.01,-0.01,0.02,-5.00,-19.50,-17.19,0.8204,0.5711,-0.0282,-0.0002,32,75,73
1749725791.097627,359.94,2.69,-69.62,-0.06,0.06,-0.09,0.39,9.24,3.30,-0.00,-0.01,0.01,-5.38,-19.50,-17.56,0.8206,0.5708,-0.0286,0.0003,32,75,73
1749725791.2282026,359.81,2.81,-69.62,0.00,-0.06,-0.06,0.47,9.12,3.33,-0.00,-0.01,0.03,-5.38,-18.69,-17.56,0.8206,0.5707,-0.0292,0.0011,32,75,73
1749725791.3577752,359.75,2.88,-69.62,-0.02,0.00,-0.07,0.47,9.17,3.33,0.01,-0.01,0.02,-5.38,-19.87,-17.19,0.8209,0.5704,-0.0297,0.0018,32,75,73
1749725791.4982922,359.69,2.94,-69.56,-0.07,0.04,-0.05,0.43,9.22,3.35,-0.01,-0.01,0.01,-5.00,-18.69,-16.75,0.8209,0.5702,-0.0302,0.0021,32,74,73
1749725791.6337826,359.63,3.06,-69.56,-0.01,-0.02,-0.06,0.50,9.14,3.35,-0.01,-0.01,0.01,-5.38,-19.87,-17.56,0.8211,0.5699,-0.0309,0.0026,32,74,74
1749725791.764961,359.63,3.06,-69.50,-0.17,-0.04,-0.07,0.35,9.12,3.34,-0.02,-0.02,0.02,-5.00,-19.06,-17.19,0.8212,0.5697,-0.0316,0.0024,32,74,73
1749725791.9006355,359.63,3.13,-69.44,0.06,0.00,-0.09,0.60,9.17,3.34,-0.00,-0.00,-0.00,-5.69,-19.50,-17.56,0.8217,0.5692,-0.0319,0.0025,32,74,73
1749725792.0298462,359.63,3.13,-69.44,0.00,-0.05,-0.05,0.53,9.11,3.37,0.00,0.01,0.00,-5.00,-18.37,-17.19,0.8217,0.5692,-0.0319,0.0026,32,74,73
1749725792.1681864,359.19,3.13,-69.44,-0.51,0.43,-0.26,0.03,9.60,3.16,0.01,0.05,0.05,-6.00,-19.06,-16.75,0.8215,0.5694,-0.0297,0.0058,32,74,74
1749725792.2926412,359.13,3.44,-69.06,0.31,-0.25,0.02,0.90,8.88,3.51,-0.06,-0.07,0.02,-5.38,-19.06,-17.19,0.8235,0.5663,-0.0325,0.0061,32,74,73
1749725792.4216619,359.31,3.50,-68.87,-0.09,-0.05,-0.02,0.51,9.08,3.49,-0.02,-0.03,-0.02,-5.00,-19.87,-17.19,0.8243,0.5651,-0.0342,0.0046,32,73,73
1749725792.5657244,359.56,3.50,-68.87,0.02,-0.05,-0.04,0.63,9.08,3.47,0.01,-0.03,-0.03,-5.56,-19.50,-17.19,0.8243,0.5650,-0.0354,0.0028,32,74,73
1749725792.6939943,359.81,3.31,-68.94,-0.06,-0.05,-0.09,0.50,9.08,3.42,0.01,-0.00,-0.03,-5.56,-20.19,-17.56,0.8242,0.5652,-0.0348,0.0009,32,73,74
1749725792.8277786,0.00,3.13,-69.00,0.15,0.08,-0.08,0.69,9.22,3.42,0.01,0.06,-0.05,-4.75,-19.50,-18.37,0.8239,0.5658,-0.0331,-0.0004,32,74,73
1749725792.953312,0.69,1.81,-66.94,0.73,2.50,-2.51,1.05,11.94,0.70,-0.77,0.13,-0.38,-4.00,-19.06,-17.19,0.8362,0.5480,-0.0213,-0.0066,32,74,73
1749725793.0908532,3.56,-2.06,-55.13,0.35,0.41,-5.02,-0.04,8.31,0.77,-2.64,0.17,-0.35,-4.00,-16.87,-20.00,0.8916,0.4518,0.0081,-0.0287,32,82,76
1749725793.2423232,6.88,-5.19,-32.13,-0.66,-0.73,0.98,-1.55,4.46,9.24,-2.74,-0.08,-0.74,-2.56,-8.69,-23.69,0.9583,0.2783,0.0310,-0.0576,32,149,0
1749725793.407018,11.81,-5.69,-20.12,-0.50,-6.75,5.62,-1.48,-3.39,14.79,0.38,-0.14,-0.35,-3.38,0.00,-24.50,0.9782,0.1785,0.0324,-0.1013,32,177,0
1749725793.538641,12.06,-4.81,-39.31,-0.19,-8.89,-6.61,-1.01,-2.69,0.93,3.14,-0.11,0.40,-2.69,-1.37,-25.37,0.9356,0.3387,0.0091,-0.0989,32,86,77
1749725793.6779408,11.31,-3.56,-57.13,-0.42,-2.25,-2.37,-1.04,5.96,2.92,2.61,-0.45,0.79,-3.00,-11.50,-22.06,0.8672,0.4905,-0.0167,-0.0845,32,75,73
1749725793.8091547,9.13,-1.25,-70.25,-0.16,4.84,-2.03,-0.38,14.07,1.26,1.21,0.14,0.23,-3.00,-17.87,-17.56,0.8116,0.5797,-0.0331,-0.0638,32,78,75
1749725793.9329767,5.56,0.94,-71.44,0.58,3.10,-2.55,0.76,12.36,0.65,-0.99,0.16,0.30,-3.75,-19.69,-16.75,0.8137,0.5787,-0.0388,-0.0381,32,80,77
1749725794.0672882,3.13,1.00,-57.56,0.38,1.35,-3.67,0.56,9.63,1.57,-2.54,0.40,-0.01,-4.19,-16.69,-20.06,0.8759,0.4814,-0.0237,-0.0241,32,75,76
1749725794.2026386,3.56,-1.50,-36.94,-0.30,1.05,-0.86,-0.56,6.95,6.97,-2.57,0.29,-0.39,-2.38,-8.50,-25.25,0.9479,0.3171,0.0044,-0.0297,32,73,74
1749725794.3382642,5.06,-3.88,-24.37,-0.99,-5.12,4.97,-1.65,-1.07,13.88,-0.51,0.05,-0.23,-3.00,-3.75,-24.87,0.9762,0.2108,0.0256,-0.0441,32,175,76
1749725794.4768157,5.94,-3.75,-29.87,-0.17,-4.26,-0.73,-0.81,0.61,7.75,1.85,-0.18,-0.01,-1.00,-1.25,-25.06,0.9618,0.2684,0.0191,-0.0508,32,79,74
1749725794.602676,6.19,-1.81,-47.69,-0.14,1.07,0.34,-0.46,8.32,6.94,2.56,-0.28,0.17,-1.37,-8.69,-23.06,0.9081,0.4156,-0.0064,-0.0494,32,74,72
1749725794.7342956,5.38,0.63,-63.56,1.03,-0.33,-5.86,1.38,9.78,-1.29,1.82,-0.14,0.34,-2.56,-14.69,-20.25,0.8442,0.5335,-0.0336,-0.0388,32,72,72
1749725794.8654327,3.44,1.75,-66.75,0.12,-1.30,-3.97,0.44,7.64,0.00,-1.36,0.21,0.23,-2.56,-18.50,-17.00,0.8382,0.5438,-0.0350,-0.0240,32,73,74
1749725794.9966617,3.19,0.50,-50.75,0.75,2.35,-3.26,0.83,9.94,2.94,-2.73,0.28,-0.13,-2.69,-14.00,-20.25,0.9031,0.4283,-0.0168,-0.0252,32,72,73
1749725795.129166,3.50,-2.31,-32.38,-0.56,-1.05,1.14,-0.97,4.19,9.41,-2.02,0.40,-0.34,-2.25,-9.06,-24.69,0.9622,0.2704,0.0154,-0.0303,32,69,70
1749725795.2844594,4.31,-4.63,-24.94,-1.11,-4.43,3.99,-1.90,-0.30,12.85,0.43,-0.03,-0.07,-1.50,-2.19,-24.19,0.9744,0.2192,0.0333,-0.0377,32,0,69
1749725795.4186413,5.19,-2.50,-42.25,-1.09,-4.77,-0.06,-1.53,1.81,7.18,3.18,-0.47,0.18,-1.37,-4.38,-24.56,0.9315,0.3613,0.0076,-0.0422,32,74,69
1749725795.5482337,4.63,0.50,-67.00,1.55,-2.27,-10.03,1.63,6.75,-6.21,2.71,-0.11,0.39,-1.25,-16.00,-19.19,0.8329,0.5516,-0.0277,-0.0337,32,74,71
1749725795.681642,2.81,1.75,-76.56,-0.65,25.20,-2.77,-0.34,34.73,-0.49,-0.47,0.10,0.02,-3.88,-20.50,-15.19,0.7875,0.6151,-0.0358,-0.0184,32,72,71
1749725795.8139822,1.88,2.38,-67.25,-0.15,0.28,-2.02,0.59,11.36,2.77,-1.58,0.22,-0.30,-3.25,-19.25,-15.19,0.8367,0.5465,-0.0330,-0.0148,32,69,73
1749725795.9455912,3.25,0.06,-52.44,0.63,4.76,-5.15,0.60,12.38,1.01,-2.66,0.18,-0.37,-2.19,-14.50,-20.87,0.9022,0.4304,-0.0115,-0.0270,32,68,71
1749725796.0782797,5.63,-3.94,-32.25,-1.62,-1.90,2.06,-2.36,3.14,10.43,-2.07,0.37,-0.61,-1.75,-8.56,-23.19,0.9614,0.2694,0.0256,-0.0494,32,164,76
1749725796.2390666,7.06,-6.44,-21.94,-1.85,-4.88,3.36,-3.06,-1.36,12.21,0.33,0.02,-0.05,-0.37,-1.06,-26.06,0.9780,0.1942,0.0458,-0.0607,32,168,0
1749725796.3714645,7.06,-4.69,-39.63,-0.47,-4.65,-3.34,-1.23,1.83,3.95,3.57,-0.29,0.40,-0.69,-3.69,-24.50,0.9323,0.3565,0.0197,-0.0574,32,76,69
1749725796.5050364,5.50,-0.69,-66.75,2.88,8.84,-8.07,2.76,17.85,-4.21,2.80,0.02,0.36,-2.00,-14.88,-20.37,0.8339,0.5501,-0.0193,-0.0403,32,72,69
1749725796.6392772,3.38,0.81,-71.81,0.02,7.05,-3.12,0.17,16.37,-0.06,-0.81,0.09,0.06,-2.25,-18.19,-15.56,0.8094,0.5862,-0.0266,-0.0241,32,78,74
1749725796.7759955,2.56,0.19,-59.56,0.46,2.28,-2.39,0.49,10.74,2.57,-2.11,0.25,-0.23,-2.00,-17.75,-17.19,0.8727,0.4877,-0.0113,-0.0200,32,77,72
1749725796.9072578,3.88,-2.75,-41.94,1.00,3.38,-4.46,-0.08,9.18,3.08,-2.95,0.39,-0.45,-1.75,-11.75,-22.37,0.9379,0.3451,0.0166,-0.0330,32,73,71
1749725797.0475292,5.94,-5.56,-25.12,-1.16,-6.62,4.34,-2.15,-2.58,13.22,-1.27,0.11,-0.37,-0.56,-4.75,-24.50,0.9747,0.2135,0.0400,-0.0521,32,170,71
1749725797.1730974,6.81,-5.06,-25.19,-0.87,-4.44,-0.21,-1.64,-0.28,8.63,1.63,-0.32,0.13,-1.06,-1.06,-24.87,0.9716,0.2275,0.0303,-0.0580,32,71,69
1749725797.3041372,6.38,-2.06,-41.19,0.38,1.83,0.27,-0.17,7.88,7.16,2.21,-0.33,0.41,-1.75,-6.38,-23.69,0.9307,0.3622,-0.0031,-0.0512,32,68,69
1749725797.4341662,4.50,1.81,-58.25,1.50,2.07,-3.44,1.85,10.51,1.53,2.17,-0.14,0.32,-2.00,-11.56,-21.19,0.8676,0.4946,-0.0390,-0.0329,32,67,72
1749725797.5681064,3.38,3.50,-68.12,-0.76,0.71,-0.28,-0.15,9.81,3.31,0.46,-0.04,0.17,-4.06,-17.87,-17.56,0.8265,0.5598,-0.0541,-0.0238,32,67,72
1749725797.7021031,3.75,3.13,-69.87,0.77,1.99,-1.71,1.31,11.19,1.65,0.51,0.00,-0.07,-3.25,-18.56,-16.37,0.8191,0.5706,-0.0526,-0.0271,32,69,72
1749725797.8365674,3.38,2.69,-71.37,-0.14,-1.22,0.03,0.31,8.05,3.15,0.10,0.08,-0.04,-3.88,-20.06,-17.19,0.8115,0.5820,-0.0464,-0.0240,32,70,72
1749725797.961917,3.88,2.00,-72.00,-0.35,0.08,0.10,0.00,9.40,3.13,0.05,0.02,-0.12,-4.25,-19.75,-14.69,0.8083,0.5866,-0.0415,-0.0278,32,72,73
1749725798.0946372,4.19,1.81,-72.81,-0.06,0.03,-0.22,0.25,9.40,2.66,0.19,-0.04,-0.02,-2.00,-20.06,-14.69,0.8034,0.5932,-0.0422,-0.0300,32,74,73
1749725798.2231653,4.50,1.69,-73.81,-0.15,0.21,-0.07,0.18,9.71,2.67,0.05,-0.04,-0.02,-2.75,-19.75,-15.56,0.7987,0.5993,-0.0426,-0.0319,32,74,73
1749725798.3622682,4.69,1.75,-74.12,0.05,-0.23,-0.13,0.36,9.19,2.53,0.00,-0.00,0.03,-2.75,-20.50,-15.19,0.7970,0.6015,-0.0442,-0.0326,32,73,73
1749725798.4933894,4.63,1.94,-73.94,-0.09,0.34,-0.18,0.24,9.76,2.52,-0.03,-0.05,0.04,-3.19,-19.75,-15.19,0.7981,0.5999,-0.0458,-0.0322,32,74,73
1749725798.6220438,4.38,2.31,-73.69,0.02,0.29,-0.17,0.42,9.69,2.57,-0.03,0.01,0.02,-2.38,-20.50,-16.00,0.7997,0.5977,-0.0486,-0.0307,32,73,74
1749725798.7579658,4.25,2.44,-73.50,0.02,-0.15,0.02,0.45,9.23,2.80,-0.03,-0.00,0.01,-2.38,-20.06,-16.00,0.8006,0.5964,-0.0494,-0.0298,32,73,74
1749725798.8891852,4.13,2.50,-73.31,-0.07,-0.06,0.00,0.32,9.33,2.76,0.00,0.02,0.02,-3.19,-20.06,-14.69,0.8013,0.5955,-0.0495,-0.0290,32,73,74
1749725799.012136,4.06,2.56,-73.25,0.08,-0.11,-0.09,0.52,9.26,2.72,-0.02,0.01,0.01,-3.19,-19.75,-15.19,0.8018,0.5948,-0.0491,-0.0285,32,73,74
1749725799.1493742,4.00,2.50,-73.31,0.02,-0.04,0.00,0.45,9.34,2.79,0.02,0.01,0.01,-2.75,-20.06,-16.37,0.8014,0.5955,-0.0486,-0.0283,32,73,74
1749725799.2793581,4.00,2.50,-73.44,-0.09,0.05,-0.06,0.33,9.44,2.71,0.01,0.00,0.00,-3.19,-19.75,-16.00,0.8007,0.5964,-0.0485,-0.0284,32,73,74
1749725799.410287,4.06,2.50,-73.50,0.00,0.01,-0.03,0.42,9.45,2.72,-0.01,0.00,0.00,-2.75,-20.06,-15.56,0.8006,0.5966,-0.0485,-0.0285,32,73,74
1749725799.5455718,4.13,2.50,-73.50,-0.03,-0.08,-0.03,0.39,9.30,2.74,0.01,-0.02,-0.01,-2.38,-20.06,-16.00,0.8004,0.5967,-0.0491,-0.0289,32,73,74
1749725799.675234,4.19,2.50,-73.50,0.00,-0.02,-0.13,0.42,9.37,2.63,0.00,-0.01,-0.00,-2.75,-20.50,-16.00,0.8003,0.5968,-0.0497,-0.0296,32,73,73
1749725799.8096921,4.31,2.50,-73.56,0.02,-0.04,-0.10,0.45,9.34,2.65,0.02,-0.02,-0.00,-2.75,-19.37,-15.19,0.8000,0.5971,-0.0505,-0.0304,32,74,73
1749725799.9374468,4.38,2.50,-73.62,-0.08,-0.05,0.00,0.34,9.34,2.74,0.01,-0.01,-0.01,-2.38,-20.87,-16.37,0.7996,0.5976,-0.0504,-0.0308,32,74,73
1749725800.0697205,4.44,2.44,-73.62,0.01,-0.01,-0.10,0.43,9.38,2.65,0.01,0.01,0.00,-2.38,-19.37,-16.37,0.7997,0.5975,-0.0500,-0.0311,32,74,74
1749725800.2111082,4.44,2.44,-73.75,-0.09,-0.06,-0.07,0.32,9.34,2.65,0.02,-0.01,-0.01,-3.50,-21.25,-15.19,0.7991,0.5983,-0.0500,-0.0312,32,74,74
1749725800.337971,4.44,2.44,-73.81,-0.04,0.10,-0.15,0.37,9.52,2.57,0.01,-0.00,0.01,-2.75,-20.06,-15.56,0.7986,0.5989,-0.0500,-0.0312,32,74,74
1749725800.4712396,4.44,2.44,-73.81,-0.07,-0.07,-0.07,0.34,9.34,2.65,-0.00,-0.01,0.00,-3.50,-20.87,-15.56,0.7988,0.5988,-0.0500,-0.0312,32,74,74
1749725800.6003792,4.38,2.44,-73.81,-0.07,0.14,-0.08,0.35,9.56,2.63,-0.00,-0.00,0.01,-3.19,-20.06,-15.56,0.7987,0.5988,-0.0502,-0.0308,32,73,74
1749725800.7416403,4.31,2.50,-73.81,-0.05,0.04,-0.16,0.41,9.47,2.57,0.00,0.00,0.02,-3.19,-20.06,-14.69,0.7987,0.5988,-0.0506,-0.0303,32,73,74
1749725800.8680649,4.25,2.56,-73.81,-0.09,-0.01,-0.09,0.34,9.39,2.62,-0.01,-0.00,0.00,-2.75,-20.50,-15.56,0.7988,0.5988,-0.0508,-0.0300,32,73,73
1749725801.0051637,4.31,2.56,-73.81,-0.08,0.07,-0.12,0.36,9.48,2.59,0.00,0.00,0.00,-3.19,-20.06,-15.19,0.7988,0.5988,-0.0508,-0.0301,32,74,74
1749725801.1365135,4.31,2.56,-73.81,-0.07,-0.07,-0.06,0.37,9.34,2.65,0.00,-0.01,0.00,-3.50,-20.06,-16.00,0.7987,0.5988,-0.0510,-0.0302,32,73,73
1749725801.2700665,4.31,2.56,-73.81,-0.15,0.02,-0.12,0.28,9.43,2.60,-0.00,0.00,0.00,-2.75,-20.06,-15.56,0.7987,0.5988,-0.0510,-0.0302,32,74,73
1749725801.4002059,4.31,2.56,-73.87,0.04,-0.04,-0.13,0.48,9.36,2.58,0.01,0.00,-0.00,-3.88,-20.87,-16.37,0.7986,0.5989,-0.0510,-0.0303,32,74,73
1749725801.5331914,4.25,2.63,-73.81,-0.09,-0.04,-0.11,0.35,9.36,2.61,-0.02,0.01,0.00,-3.88,-20.50,-15.56,0.7988,0.5987,-0.0512,-0.0300,32,73,73
1749725801.6728127,4.31,2.63,-73.75,-0.14,0.33,-0.34,0.36,9.76,2.38,-0.09,-0.05,0.01,-1.56,-19.75,-14.69,0.7991,0.5981,-0.0520,-0.0306,32,74,73
1749725801.7967005,4.81,2.69,-72.94,-0.21,0.06,-0.15,0.25,9.42,2.73,-0.25,-0.09,-0.04,-4.69,-20.06,-15.19,0.8039,0.5912,-0.0546,-0.0344,32,74,77
1749725801.9294245,5.50,2.56,-71.31,0.05,0.10,-0.23,0.50,9.38,2.89,-0.22,-0.01,-0.03,-2.38,-18.56,-15.56,0.8112,0.5807,-0.0562,-0.0392,32,78,84
1749725802.07006,5.25,2.56,-69.81,-0.05,0.35,-0.34,0.38,9.55,3.02,-0.29,0.09,0.01,-3.19,-18.56,-16.75,0.8196,0.5692,-0.0533,-0.0377,32,79,91
1749725802.200713,3.69,3.00,-67.75,0.36,0.37,-0.58,0.88,9.44,3.11,-0.45,0.27,0.21,-2.75,-18.25,-17.19,0.8304,0.5543,-0.0494,-0.0251,32,79,94
1749725802.3322608,0.00,3.44,-63.75,-0.55,-0.27,-0.09,0.03,8.47,4.27,-0.58,0.42,0.25,-3.06,-17.87,-18.00,0.8503,0.5252,-0.0345,0.0016,32,74,95
1749725802.4602635,355.44,3.19,-60.06,-0.23,-0.98,0.46,0.31,7.50,5.34,-0.27,0.67,0.24,-1.88,-15.25,-18.25,0.8653,0.4998,-0.0104,0.0367,32,46,91
1749725802.5862308,351.75,2.25,-58.38,-1.26,-0.76,0.89,-0.87,7.57,6.03,-0.11,0.34,0.20,-0.06,-16.06,-19.06,0.8716,0.4858,0.0138,0.0636,32,26,3
1749725802.7099695,350.75,1.75,-57.63,-0.07,-0.14,0.07,0.23,8.14,5.31,0.06,-0.03,0.06,-0.06,-15.25,-19.00,0.8730,0.4821,0.0204,0.0705,32,15,3
1749725802.8372896,350.25,1.94,-58.00,-0.06,-0.13,-0.06,0.26,8.18,5.12,0.03,0.09,-0.00,0.25,-15.75,-18.50,0.8712,0.4849,0.0219,0.0742,32,16,4
1749725802.9823804,350.00,1.44,-57.81,-0.11,-0.21,-0.13,0.16,8.05,5.17,-0.09,0.04,-0.05,1.25,-15.75,-18.50,0.8723,0.4824,0.0275,0.0757,32,0,8
1749725803.1315012,350.50,0.88,-57.06,0.15,-0.06,-0.02,0.29,8.06,5.33,-0.07,0.02,-0.03,1.00,-15.38,-19.69,0.8757,0.4764,0.0306,0.0726,32,0,10
1749725803.2844787,350.50,0.50,-56.56,-0.04,0.04,-0.06,0.02,8.18,5.36,-0.04,0.04,-0.03,2.50,-15.38,-18.50,0.8774,0.4728,0.0341,0.0728,32,0,5
1749725803.4323275,350.44,0.25,-56.38,-0.11,-0.03,-0.09,-0.06,8.13,5.33,-0.02,0.06,-0.00,1.69,-15.38,-19.69,0.8784,0.4709,0.0366,0.0731,32,0,7
1749725803.5932405,350.38,0.06,-56.25,-0.07,-0.06,0.01,-0.06,8.09,5.45,-0.02,-0.00,-0.01,2.06,-15.00,-18.50,0.8787,0.4701,0.0385,0.0736,32,0,8
1749725803.737061,350.44,0.12,-56.19,0.02,-0.06,-0.11,0.05,8.08,5.34,-0.02,0.00,0.02,1.37,-15.38,-19.69,0.8791,0.4695,0.0374,0.0733,32,0,5
1749725803.8960881,350.44,0.19,-56.00,0.04,-0.13,-0.11,0.08,7.99,5.36,-0.02,0.01,0.00,1.75,-15.75,-19.69,0.8797,0.4684,0.0369,0.0735,32,0,4
1749725804.0381029,350.38,0.19,-55.81,0.02,-0.06,-0.02,0.06,8.05,5.47,-0.03,-0.01,0.01,2.25,-15.00,-19.69,0.8804,0.4670,0.0369,0.0741,32,0,4
