time,orientation_x,orientation_y,orientation_z,orientation_w,angular_velocity_x,angular_velocity_y,angular_velocity_z,linear_acceleration_x,linear_acceleration_y,linear_acceleration_z,joy_axis_0,joy_axis_1,Euler_angle_0,Euler_angle_1,Euler_angle_2,odom_pos_x,odom_pos_y,odom_pos_z,odom_orientation_x,odom_orientation_y,odom_orientation_z,odom_orientation_w,odom_twist_linear_x,odom_twist_linear_y,odom_twist_linear_z,odom_twist_angular_x,odom_twist_angular_y,odom_twist_angular_z
1750345008.6880217,-0.02203369140625,0.8565673828125,-0.010498046875,0.51544189453125,-8.65,-0.4,-4.59,-0.07,-0.03,0.04,0.0,0.0,0.0,0.0,0.0,-0.00043982290704838354,3.2592646249204386e-07,0.0,0.0,0.0,-0.00021918090534621396,0.9999999759798651,6.291549520408182e-05,0.0,0.0,0.0,0.0,0.0007307843100419788
1750345008.689198,-0.0228271484375,0.85650634765625,-0.0106201171875,0.51556396484375,-8.65,-0.4,-4.59,0.1,0.06,0.04,0.0,0.0,0.0,0.0,0.0,-0.00043982290704838354,3.2592646249204386e-07,0.0,0.0,0.0,-0.00021918090534621396,0.9999999759798651,6.291549520408182e-05,0.0,0.0,0.0,0.0,0.0007307843100419788
1750345008.6902738,-0.02294921875,0.85784912109375,-0.0111083984375,0.51324462890625,-8.63,-0.41,-4.63,-0.03,0.05,-0.05,0.0,0.0,0.0,0.0,0.0,-0.00043982290704838354,3.2592646249204386e-07,0.0,0.0,0.0,-0.00021918090534621396,0.9999999759798651,6.291549520408182e-05,0.0,0.0,0.0,0.0,0.0007307843100419788
1750345008.6913826,-0.0224609375,0.85845947265625,-0.01153564453125,0.51220703125,-8.61,-0.41,-4.65,-0.07,-0.01,0.0,0.0,0.0,0.0,0.0,0.0,-0.00043982290704838354,3.2592646249204386e-07,0.0,0.0,0.0,-0.00021918090534621396,0.9999999759798651,6.291549520408182e-05,0.0,0.0,0.0,0.0,0.0007307843100419788
1750345008.692502,-0.0225830078125,0.8592529296875,-0.01123046875,0.5108642578125,-8.6,-0.41,-4.68,-0.01,0.11,-0.07,0.0,0.0,0.0,0.0,0.0,-0.00043982290704838354,3.2592646249204386e-07,0.0,0.0,0.0,-0.00021918090534621396,0.9999999759798651,6.291549520408182e-05,0.0,0.0,0.0,0.0,0.0007307843100419788
1750345008.8356562,-0.0211181640625,0.85980224609375,-0.01129150390625,0.51007080078125,-8.59,-0.4,-4.7,0.0,0.03,0.01,0.0,0.0,0.0,0.0,0.0,-0.00043982290704838354,3.2592646249204386e-07,0.0,0.0,0.0,-0.00021918090534621396,0.9999999759798651,-6.272726029302116e-05,0.0,0.0,0.0,0.0,0.0004385918553975533
1750345008.9880197,-0.020751953125,0.859375,-0.01177978515625,0.51080322265625,-8.6,-0.4,-4.68,-0.08,-0.09,-0.08,0.0,0.0,0.0,0.0,0.0,-0.00043982290704838354,3.2592646249204386e-07,0.0,0.0,0.0,-0.00021918090534621396,0.9999999759798651,6.293361876396342e-05,0.0,0.0,0.0,0.0,0.00014635725293944967
1750345009.135593,-0.0220947265625,0.85943603515625,-0.01202392578125,0.51055908203125,-8.6,-0.42,-4.69,0.15,0.14,-0.03,0.0,0.0,0.0,0.0,0.0,-0.00043982290704838354,3.2592646249204386e-07,0.0,0.0,0.0,-0.00021918090534621396,0.9999999759798651,9.486769009248164e-20,0.0,0.0,0.0,0.0,5.421010862427522e-20
1750345009.287748,-0.02191162109375,0.86083984375,-0.0111083984375,0.50830078125,-8.57,-0.4,-4.73,-0.16,-0.03,-0.05,0.0,0.0,0.0,0.0,0.0,-0.0006911502467344003,5.095470007786212e-07,0.0,0.0,0.0,-0.0005114220596214875,0.99999986922373,-0.00025137614463346903,0.0,0.0,0.0,0.0,-0.0005845956851941142
1750345009.4408894,-0.022216796875,0.8602294921875,-0.01043701171875,0.50933837890625,-8.58,-0.39,-4.71,0.1,-0.02,-0.06,0.0,0.0,0.0,0.0,0.0,-0.0006911502467344003,5.095470007786212e-07,0.0,0.0,0.0,-0.0005114220596214875,0.99999986922373,-0.00025137614463346903,0.0,0.0,0.0,0.0,-0.0005845956851941142
1750345009.5913453,-0.0238037109375,0.85870361328125,-0.01055908203125,0.5118408203125,-8.61,-0.41,-4.66,-0.09,0.06,-0.07,0.0,0.0,0.0,0.0,0.0,-0.0006911502467344003,5.095470007786212e-07,0.0,0.0,0.0,-0.0005114220596214875,0.99999986922373,-0.00025137614463346903,0.0,0.0,0.0,0.0,-0.0005845956851941142
1750345009.735102,-0.025390625,0.85736083984375,-0.01123046875,0.51397705078125,-8.63,-0.44,-4.62,0.0,0.02,0.0,0.0,0.0,0.0,0.0,0.0,-0.0006911502467344003,5.095470007786212e-07,0.0,0.0,0.0,-0.0005114220596214875,0.99999986922373,-0.00025137614463346903,0.0,0.0,0.0,0.0,-0.0005845956851941142
1750345009.8854182,-0.0267333984375,0.85626220703125,-0.011962890625,0.5157470703125,-8.65,-0.47,-4.58,0.01,0.04,-0.01,0.0,0.0,0.0,0.0,0.0,-0.0006911502467344003,5.095470007786212e-07,0.0,0.0,0.0,-0.0005114220596214875,0.99999986922373,-0.00025137614463346903,0.0,0.0,0.0,0.0,-0.0005845956851941142
1750345010.035791,-0.02703857421875,0.85601806640625,-0.0120849609375,0.51611328125,-8.65,-0.47,-4.57,0.03,0.04,-0.01,0.0,0.0,0.0,0.0,0.0,-0.0006911502467344003,5.095470007786212e-07,0.0,0.0,0.0,-0.0005114220596214875,0.99999986922373,-0.00025137614463346903,0.0,0.0,0.0,0.0,-0.0005845956851941142
1750345010.187085,-0.02691650390625,0.85595703125,-0.0120849609375,0.5162353515625,-8.66,-0.47,-4.57,-0.03,-0.04,-0.01,0.0,0.0,0.0,0.0,0.0,-0.0006911502467344003,5.095470007786212e-07,0.0,0.0,0.0,-0.0005114220596214875,0.99999986922373,1.0842021724855044e-19,0.0,0.0,0.0,0.0,1.0842021724855044e-19
1750345010.337614,-0.02679443359375,0.85595703125,-0.011962890625,0.5162353515625,-8.66,-0.47,-4.57,0.05,0.03,-0.04,0.0,0.0,0.0,0.0,0.0,-0.0006911502467344003,5.095470007786212e-07,0.0,0.0,0.0,-0.0005114220596214875,0.99999986922373,1.0842021724855044e-19,0.0,0.0,0.0,0.0,1.0842021724855044e-19
1750345010.4875681,-0.02679443359375,0.85595703125,-0.011962890625,0.5162353515625,-8.66,-0.47,-4.57,0.0,0.05,-0.02,0.0,0.0,0.0,0.0,0.0,-0.0006911502467344003,5.095470007786212e-07,0.0,0.0,0.0,-0.0005114220596214875,0.99999986922373,1.0842021724855044e-19,0.0,0.0,0.0,0.0,1.0842021724855044e-19
1750345010.6363938,-0.02679443359375,0.856201171875,-0.011962890625,0.51580810546875,-8.65,-0.47,-4.58,-0.01,0.06,-0.03,0.0,0.0,0.0,0.0,0.0,-0.0006911502467344003,5.095470007786212e-07,0.0,0.0,0.0,-0.0005114220596214875,0.99999986922373,1.0842021724855044e-19,0.0,0.0,0.0,0.0,1.0842021724855044e-19
1750345010.7940862,-0.0262451171875,0.85760498046875,-0.0128173828125,0.51348876953125,-8.63,-0.47,-4.63,-0.11,0.12,0.01,0.0,0.0,0.0,0.0,0.0,-0.0006911502467344003,5.095470007786212e-07,0.0,0.0,0.0,-0.0005114220596214875,0.99999986922373,1.0842021724855044e-19,0.0,0.0,0.0,0.0,1.0842021724855044e-19
1750345010.9380295,-0.026123046875,0.86114501953125,-0.01300048828125,0.50750732421875,-8.56,-0.47,-4.75,0.02,0.1,-0.07,0.0,0.0,0.0,0.0,0.0,-0.0006911502467344003,5.095470007786212e-07,0.0,0.0,0.0,-0.0005114220596214875,0.99999986922373,1.0842021724855044e-19,0.0,0.0,0.0,0.0,1.0842021724855044e-19
1750345011.0879738,-0.0260009765625,0.8641357421875,-0.01312255859375,0.50238037109375,-8.5,-0.47,-4.85,0.09,0.06,-0.07,0.0,0.0,0.0,0.0,0.0,-0.0006911502467344003,5.095470007786212e-07,0.0,0.0,0.0,-0.0005114220596214875,0.99999986922373,1.0842021724855044e-19,0.0,0.0,0.0,0.0,1.0842021724855044e-19
1750345011.2418156,-0.02593994140625,0.86602783203125,-0.01324462890625,0.4991455078125,-8.47,-0.47,-4.91,0.0,0.07,-0.06,0.0,0.0,0.0,0.0,0.0,-0.0006911502467344003,5.095470007786212e-07,0.0,0.0,0.0,-0.0005114220596214875,0.99999986922373,1.0842021724855044e-19,0.0,0.0,0.0,0.0,1.0842021724855044e-19
1750345011.386263,-0.02581787109375,0.86663818359375,-0.013427734375,0.498046875,-8.45,-0.48,-4.93,0.07,0.12,-0.07,0.0,0.0,0.0,0.0,0.0,-0.0006911502467344003,5.095470007786212e-07,0.0,0.0,0.0,-0.0005114220596214875,0.99999986922373,1.0842021724855044e-19,0.0,0.0,0.0,0.0,1.0842021724855044e-19
1750345011.5375466,-0.02569580078125,0.866943359375,-0.01361083984375,0.49749755859375,-8.45,-0.48,-4.94,0.07,0.07,0.0,0.0,0.0,0.0,0.0,0.0,-0.0006911502467344003,5.095470007786212e-07,0.0,0.0,0.0,-0.0005114220596214875,0.99999986922373,1.0842021724855044e-19,0.0,0.0,0.0,0.0,1.0842021724855044e-19
1750345011.6858695,-0.02569580078125,0.866943359375,-0.01361083984375,0.49749755859375,-8.45,-0.48,-4.94,-0.02,0.09,-0.05,0.0,0.0,0.0,0.0,0.0,-0.0006911502467344003,5.095470007786212e-07,0.0,0.0,0.0,-0.0005114220596214875,0.99999986922373,1.0842021724855044e-19,0.0,0.0,0.0,0.0,1.0842021724855044e-19
1750345011.835573,-0.02593994140625,0.86700439453125,-0.0133056640625,0.4974365234375,-8.45,-0.47,-4.95,0.04,0.06,-0.06,0.0,0.0,0.08259788900613785,1.5195293426513672,-0.1615046113729477,-0.0006911502467344003,5.095470007786212e-07,0.0,0.0,0.0,-0.0005114220596214875,0.99999986922373,1.0842021724855044e-19,0.0,0.0,0.0,0.0,1.0842021724855044e-19
1750345011.9868293,-0.0262451171875,0.86700439453125,-0.0126953125,0.49737548828125,-8.45,-0.47,-4.95,0.03,0.07,-0.06,0.0,0.0,0.06630339473485947,1.5303921699523926,-0.11969266086816788,-0.0006911502467344003,5.095470007786212e-07,0.0,0.0,0.0,-0.0005114220596214875,0.99999986922373,1.0842021724855044e-19,0.0,0.0,0.0,0.0,1.0842021724855044e-19
1750345012.1389263,-0.02679443359375,0.86688232421875,-0.01171875,0.4976806640625,-8.45,-0.46,-4.94,0.04,0.09,-0.09,0.0,0.0,0.023236645385622978,1.5388010740280151,-0.05351879820227623,-0.0006911502467344003,5.095470007786212e-07,0.0,0.0,0.0,-0.0005114220596214875,0.99999986922373,1.0842021724855044e-19,0.0,0.0,0.0,0.0,1.0842021724855044e-19
1750345012.28527,-0.02691650390625,0.86627197265625,-0.01153564453125,0.498779296875,-8.46,-0.45,-4.92,0.05,0.11,-0.09,0.0,0.0,-0.043241363018751144,1.5052560567855835,0.059295110404491425,-0.0006911502467344003,5.095470007786212e-07,0.0,0.0,0.0,-0.0005114220596214875,0.99999986922373,1.0842021724855044e-19,0.0,0.0,0.0,0.0,1.0842021724855044e-19
1750345012.4353173,-0.0269775390625,0.86590576171875,-0.0115966796875,0.49932861328125,-8.47,-0.46,-4.91,0.01,0.06,-0.07,0.0,0.0,-0.05684513971209526,1.3620277643203735,0.08555230498313904,-0.0006911502467344003,5.095470007786212e-07,0.0,0.0,0.0,-0.0005114220596214875,0.99999986922373,1.0842021724855044e-19,0.0,0.0,0.0,0.0,1.0842021724855044e-19
1750345012.5854757,-0.027099609375,0.86590576171875,-0.01129150390625,0.49932861328125,-8.47,-0.45,-4.91,0.01,0.06,-0.06,0.0,0.0,-0.048390377312898636,1.2864744663238525,0.08978276699781418,-0.0006911502467344003,5.095470007786212e-07,0.0,0.0,0.0,-0.0005114220596214875,0.99999986922373,1.0842021724855044e-19,0.0,0.0,0.0,0.0,1.0842021724855044e-19
1750345012.7359157,-0.027099609375,0.86590576171875,-0.01129150390625,0.49932861328125,-8.47,-0.45,-4.91,0.08,0.07,-0.14,0.0,0.0,-0.07169511169195175,1.2875375747680664,0.11988096684217453,-0.0006911502467344003,5.095470007786212e-07,0.0,0.0,0.0,-0.0005114220596214875,0.99999986922373,1.0842021724855044e-19,0.0,0.0,0.0,0.0,1.0842021724855044e-19
1750345012.885782,-0.02716064453125,0.86541748046875,-0.01123046875,0.5001220703125,-8.48,-0.45,-4.89,0.04,0.07,-0.07,0.0,0.0,-0.07169511169195175,1.2875375747680664,0.11988096684217453,-0.0006911502467344003,5.095470007786212e-07,0.0,0.0,0.0,-0.0005114220596214875,0.99999986922373,1.0842021724855044e-19,0.0,0.0,0.0,0.0,1.0842021724855044e-19
1750345013.0392416,-0.0262451171875,0.8648681640625,-0.01275634765625,0.5010986328125,-8.49,-0.47,-4.87,-0.15,0.09,0.48,0.0,0.0,-0.07585837692022324,1.1811221837997437,0.13206273317337036,-0.0006911502467344003,5.095470007786212e-07,0.0,0.0,0.0,-0.0005114220596214875,0.99999986922373,1.0842021724855044e-19,0.0,0.0,0.0,0.0,1.0842021724855044e-19
1750345013.1874511,-0.02618408203125,0.86419677734375,-0.01251220703125,0.50225830078125,-8.5,-0.46,-4.85,-0.02,0.09,-0.06,0.0,0.0,0.020787009969353676,1.046933650970459,-0.04510065168142319,-0.0006911502467344003,5.095470007786212e-07,0.0,0.0,0.0,-0.0005114220596214875,0.99999986922373,1.0842021724855044e-19,0.0,0.0,0.0,0.0,1.0842021724855044e-19
1750345013.3349829,-0.02587890625,0.8638916015625,-0.01263427734375,0.50286865234375,-8.51,-0.46,-4.84,0.05,0.09,-0.08,0.0,0.0,-0.009529976174235344,0.8941079378128052,-0.03290216997265816,-0.0006911502467344003,5.095470007786212e-07,0.0,0.0,0.0,-0.0005114220596214875,0.99999986922373,1.0842021724855044e-19,0.0,0.0,0.0,0.0,1.0842021724855044e-19
1750345013.4959764,-0.02557373046875,0.86395263671875,-0.01275634765625,0.5028076171875,-8.51,-0.46,-4.84,0.07,0.09,-0.08,0.0,0.0,-0.016469931229948997,0.8153012990951538,-0.06825578957796097,-0.0006911502467344003,5.095470007786212e-07,0.0,0.0,0.0,-0.0005114220596214875,0.99999986922373,1.0842021724855044e-19,0.0,0.0,0.0,0.0,1.0842021724855044e-19
1750345013.6393256,-0.02496337890625,0.864013671875,-0.013427734375,0.50262451171875,-8.51,-0.47,-4.84,0.01,0.1,-0.08,0.0,0.0,-0.02186567708849907,0.8240646719932556,-0.10569184273481369,-0.0006911502467344003,5.095470007786212e-07,0.0,0.0,0.0,-0.0005114220596214875,0.99999986922373,1.0842021724855044e-19,0.0,0.0,0.0,0.0,1.0842021724855044e-19
1750345013.7852223,-0.0247802734375,0.8641357421875,-0.01348876953125,0.50244140625,-8.5,-0.47,-4.85,0.06,0.06,-0.04,0.0,0.0,0.009937457740306854,0.8427630662918091,-0.20571038126945496,-0.0006911502467344003,5.095470007786212e-07,0.0,0.0,0.0,-0.0005114220596214875,0.99999986922373,1.0842021724855044e-19,0.0,0.0,0.0,0.0,1.0842021724855044e-19
1750345013.9398546,-0.024658203125,0.8642578125,-0.013427734375,0.502197265625,-8.5,-0.47,-4.85,0.05,0.01,-0.07,0.0,0.0,0.0058631012216210365,0.8674830794334412,-0.22792576253414154,-0.0006911502467344003,5.095470007786212e-07,0.0,0.0,0.0,-0.0005114220596214875,0.99999986922373,1.0842021724855044e-19,0.0,0.0,0.0,0.0,1.0842021724855044e-19
1750345014.0852027,-0.02459716796875,0.8642578125,-0.0133056640625,0.50225830078125,-8.5,-0.46,-4.85,0.02,0.06,-0.06,0.0,0.0,-0.006579859182238579,0.8987236022949219,-0.23703201115131378,-0.0006911502467344003,5.095470007786212e-07,0.0,0.0,0.0,-0.0005114220596214875,0.99999986922373,1.0842021724855044e-19,0.0,0.0,0.0,0.0,1.0842021724855044e-19
1750345014.23562,-0.02459716796875,0.8642578125,-0.0133056640625,0.5023193359375,-8.5,-0.46,-4.85,0.0,0.07,-0.05,0.0,0.0,-0.022380519658327103,0.8929948210716248,-0.23571087419986725,-0.0006911502467344003,5.095470007786212e-07,0.0,0.0,0.0,-0.0005114220596214875,0.99999986922373,1.0842021724855044e-19,0.0,0.0,0.0,0.0,1.0842021724855044e-19
1750345014.3862922,-0.02459716796875,0.86419677734375,-0.0133056640625,0.50238037109375,-8.5,-0.46,-4.85,-0.01,0.09,0.0,0.0,0.0,-0.02257743664085865,0.8869509696960449,-0.23561476171016693,-0.0006911502467344003,5.095470007786212e-07,0.0,0.0,0.0,-0.0005114220596214875,0.99999986922373,1.0842021724855044e-19,0.0,0.0,0.0,0.0,1.0842021724855044e-19
1750345014.5360694,-0.02471923828125,0.86407470703125,-0.01300048828125,0.5025634765625,-8.51,-0.46,-4.84,0.03,0.06,-0.04,0.0,0.0,-0.02269570343196392,0.8773936033248901,-0.23534785211086273,-0.0006911502467344003,5.095470007786212e-07,0.0,0.0,0.0,-0.0005114220596214875,0.99999986922373,1.0842021724855044e-19,0.0,0.0,0.0,0.0,1.0842021724855044e-19
1750345014.6853547,-0.025390625,0.8641357421875,-0.0120849609375,0.50250244140625,-8.51,-0.45,-4.85,0.0,0.09,-0.1,0.0,0.0,-0.04631509631872177,0.8533698916435242,-0.2047104388475418,-0.0006911502467344003,5.095470007786212e-07,0.0,0.0,0.0,-0.0005114220596214875,0.99999986922373,1.0842021724855044e-19,0.0,0.0,0.0,0.0,1.0842021724855044e-19
1750345014.8357842,-0.02593994140625,0.864013671875,-0.0111083984375,0.50262451171875,-8.51,-0.44,-4.84,0.21,0.11,-0.08,0.0,0.0,-0.09819213300943375,0.8666529655456543,-0.08499329537153244,-0.0006911502467344003,5.095470007786212e-07,0.0,0.0,0.0,-0.0005114220596214875,0.99999986922373,1.0842021724855044e-19,0.0,0.0,0.0,0.0,1.0842021724855044e-19
1750345014.988208,-0.0263671875,0.86358642578125,-0.0103759765625,0.50341796875,-8.52,-0.43,-4.83,0.0,0.12,0.0,0.0,0.0,-0.16346494853496552,0.8511709570884705,0.027138398960232735,-0.0006911502467344003,5.095470007786212e-07,0.0,0.0,0.0,-0.0005114220596214875,0.99999986922373,1.0842021724855044e-19,0.0,0.0,0.0,0.0,1.0842021724855044e-19
1750345015.1384556,-0.0263671875,0.863525390625,-0.0103759765625,0.5035400390625,-8.52,-0.43,-4.83,0.02,0.09,-0.03,0.0,0.0,-0.2130693942308426,0.7506615519523621,0.11459953337907791,-0.0006911502467344003,5.095470007786212e-07,0.0,0.0,0.0,-0.0005114220596214875,0.99999986922373,1.0842021724855044e-19,0.0,0.0,0.0,0.0,1.0842021724855044e-19
1750345015.285156,-0.0263671875,0.86334228515625,-0.0103759765625,0.50384521484375,-8.52,-0.43,-4.82,0.08,0.03,-0.09,0.0,0.0,-0.21333441138267517,0.7350603342056274,0.11493251472711563,-0.0006911502467344003,5.095470007786212e-07,0.0,0.0,0.0,-0.0005114220596214875,0.99999986922373,1.0842021724855044e-19,0.0,0.0,0.0,0.0,1.0842021724855044e-19
1750345015.4378715,-0.0264892578125,0.86334228515625,-0.0101318359375,0.50384521484375,-8.52,-0.43,-4.82,-0.03,0.1,-0.03,0.0,0.0,-0.21395671367645264,0.6942967176437378,0.1158563569188118,-0.0006911502467344003,5.095470007786212e-07,0.0,0.0,0.0,-0.0005114220596214875,0.99999986922373,1.0842021724855044e-19,0.0,0.0,0.0,0.0,1.0842021724855044e-19
1750345015.5892098,-0.0264892578125,0.86334228515625,-0.0101318359375,0.50384521484375,-8.52,-0.43,-4.82,0.05,0.09,-0.04,0.0,0.0,-0.23106487095355988,0.6951409578323364,0.14223560690879822,-0.0006911502467344003,5.095470007786212e-07,0.0,0.0,0.0,-0.0005114220596214875,0.99999986922373,1.0842021724855044e-19,0.0,0.0,0.0,0.0,1.0842021724855044e-19
1750345015.740844,-0.0264892578125,0.86334228515625,-0.0101318359375,0.50384521484375,-8.52,-0.43,-4.82,0.0,0.11,0.0,0.0,0.0,-0.23106487095355988,0.6951409578323364,0.14223560690879822,-0.0006911502467344003,5.095470007786212e-07,0.0,0.0,0.0,-0.0005114220596214875,0.99999986922373,1.0842021724855044e-19,0.0,0.0,0.0,0.0,1.0842021724855044e-19
1750345015.8851082,-0.0264892578125,0.86334228515625,-0.0101318359375,0.50384521484375,-8.52,-0.43,-4.82,0.0,0.1,-0.02,0.0,0.0,-0.23106487095355988,0.6951409578323364,0.14223560690879822,-0.0006911502467344003,5.095470007786212e-07,0.0,0.0,0.0,-0.0005114220596214875,0.99999986922373,1.0842021724855044e-19,0.0,0.0,0.0,0.0,1.0842021724855044e-19
1750345016.0349064,-0.0264892578125,0.86334228515625,-0.0101318359375,0.50384521484375,-8.52,-0.43,-4.82,-0.02,0.15,-0.07,0.0,0.0,-0.23106487095355988,0.6951409578323364,0.14223560690879822,-0.0006911502467344003,5.095470007786212e-07,0.0,0.0,0.0,-0.0005114220596214875,0.99999986922373,1.0842021724855044e-19,0.0,0.0,0.0,0.0,1.0842021724855044e-19
1750345016.1859024,-0.0264892578125,0.86334228515625,-0.0101318359375,0.5037841796875,-8.52,-0.43,-4.82,0.02,0.08,-0.01,0.0,0.0,-0.23106487095355988,0.6951409578323364,0.14223560690879822,-0.0006911502467344003,5.095470007786212e-07,0.0,0.0,0.0,-0.0005114220596214875,0.99999986922373,1.0842021724855044e-19,0.0,0.0,0.0,0.0,1.0842021724855044e-19
1750345016.3417504,-0.02642822265625,0.86334228515625,-0.01025390625,0.5037841796875,-8.52,-0.43,-4.82,0.08,0.07,-0.08,0.0,0.0,-0.23089458048343658,0.7011797428131104,0.14216266572475433,-0.0006911502467344003,5.095470007786212e-07,0.0,0.0,0.0,-0.0005114220596214875,0.99999986922373,1.0842021724855044e-19,0.0,0.0,0.0,0.0,1.0842021724855044e-19
1750345016.4850905,-0.02642822265625,0.86334228515625,-0.01025390625,0.5037841796875,-8.52,-0.43,-4.82,0.03,0.08,0.0,0.0,0.0,-0.2223394811153412,0.7007585763931274,0.1289721429347992,-0.0006911502467344003,5.095470007786212e-07,0.0,0.0,0.0,-0.0005114220596214875,0.99999986922373,1.0842021724855044e-19,0.0,0.0,0.0,0.0,1.0842021724855044e-19
1750345016.6391532,-0.02630615234375,0.86328125,-0.01043701171875,0.50390625,-8.52,-0.43,-4.82,0.06,0.1,-0.06,0.0,0.0,-0.2223394811153412,0.7007585763931274,0.1289721429347992,-0.0006911502467344003,5.095470007786212e-07,0.0,0.0,0.0,-0.0005114220596214875,0.99999986922373,1.0842021724855044e-19,0.0,0.0,0.0,0.0,1.0842021724855044e-19
1750345016.7856212,-0.026123046875,0.86328125,-0.0107421875,0.50390625,-8.52,-0.44,-4.82,-0.02,0.11,-0.04,0.0,0.0,-0.21153496205806732,0.6844820976257324,0.10652193427085876,-0.0006911502467344003,5.095470007786212e-07,0.0,0.0,0.0,-0.0005114220596214875,0.99999986922373,1.0842021724855044e-19,0.0,0.0,0.0,0.0,1.0842021724855044e-19
1750345016.9397333,-0.026123046875,0.86334228515625,-0.01080322265625,0.5037841796875,-8.52,-0.44,-4.82,0.02,0.06,-0.05,0.0,0.0,-0.19191505014896393,0.6833734512329102,0.0705513134598732,-0.0006911502467344003,5.095470007786212e-07,0.0,0.0,0.0,-0.0005114220596214875,0.99999986922373,1.0842021724855044e-19,0.0,0.0,0.0,0.0,1.0842021724855044e-19
1750345017.086302,-0.0260009765625,0.8634033203125,-0.01104736328125,0.50372314453125,-8.52,-0.44,-4.82,-0.05,0.07,-0.1,0.0,0.0,-0.18560466170310974,0.6987990140914917,0.06661771982908249,-0.0006911502467344003,5.095470007786212e-07,0.0,0.0,0.0,-0.0005114220596214875,0.99999986922373,1.0842021724855044e-19,0.0,0.0,0.0,0.0,1.0842021724855044e-19
1750345017.2387993,-0.0260009765625,0.8634033203125,-0.01104736328125,0.50372314453125,-8.52,-0.44,-4.82,0.06,0.04,-0.07,0.0,0.0,-0.1683977246284485,0.7074950933456421,0.03997701033949852,-0.0006911502467344003,5.095470007786212e-07,0.0,0.0,0.0,-0.0005114220596214875,0.99999986922373,1.0842021724855044e-19,0.0,0.0,0.0,0.0,1.0842021724855044e-19
1750345017.3891122,-0.0260009765625,0.86328125,-0.01104736328125,0.50396728515625,-8.52,-0.44,-4.82,0.01,0.07,-0.05,0.0,0.0,-0.1683977246284485,0.7074950933456421,0.03997701033949852,-0.0006911502467344003,5.095470007786212e-07,0.0,0.0,0.0,-0.0005114220596214875,0.99999986922373,1.0842021724855044e-19,0.0,0.0,0.0,0.0,1.0842021724855044e-19
1750345017.5355468,-0.0260009765625,0.86322021484375,-0.01104736328125,0.5040283203125,-8.52,-0.44,-4.82,0.01,0.03,-0.05,0.0,0.0,-0.1689486801624298,0.6762940883636475,0.040656425058841705,-0.0006911502467344003,5.095470007786212e-07,0.0,0.0,0.0,-0.0005114220596214875,0.99999986922373,1.0842021724855044e-19,0.0,0.0,0.0,0.0,1.0842021724855044e-19
1750345017.6849072,-0.02618408203125,0.86322021484375,-0.01068115234375,0.50408935546875,-8.52,-0.43,-4.82,-0.04,0.21,-0.03,0.0,0.0,-0.16904647648334503,0.6667314767837524,0.04091668874025345,-0.0006911502467344003,5.095470007786212e-07,0.0,0.0,0.0,-0.0005114220596214875,0.99999986922373,1.0842021724855044e-19,0.0,0.0,0.0,0.0,1.0842021724855044e-19
1750345017.8348427,-0.02630615234375,0.86273193359375,-0.00921630859375,0.50482177734375,-8.53,-0.41,-4.8,-0.09,0.34,-0.03,0.0,0.0,-0.19487351179122925,0.6619896292686462,0.08055627346038818,-0.0006911502467344003,5.095470007786212e-07,0.0,0.0,0.0,-0.0005114220596214875,0.99999986922373,1.0842021724855044e-19,0.0,0.0,0.0,0.0,1.0842021724855044e-19
1750345017.986212,-0.02508544921875,0.86297607421875,-0.00970458984375,0.50457763671875,-8.53,-0.41,-4.81,0.38,0.12,-0.2,0.0,0.0,-0.3341105878353119,0.5655604600906372,0.1811010092496872,-0.0006911502467344003,5.095470007786212e-07,0.0,0.0,0.0,-0.0005114220596214875,0.99999986922373,1.0842021724855044e-19,0.0,0.0,0.0,0.0,1.0842021724855044e-19
1750345018.135344,-0.02569580078125,0.86114501953125,-0.010009765625,0.50762939453125,-8.56,-0.42,-4.75,0.0,0.04,-0.05,0.0,0.0,-0.35604289174079895,0.6010184288024902,0.03140164911746979,-0.0006911502467344003,5.095470007786212e-07,0.0,0.0,0.0,-0.0005114220596214875,0.99999986922373,1.0842021724855044e-19,0.0,0.0,0.0,0.0,1.0842021724855044e-19
1750345018.2857938,-0.0255126953125,0.86077880859375,-0.0101318359375,0.50830078125,-8.57,-0.42,-4.73,0.05,0.12,-0.05,0.0,0.0,-0.29690539836883545,0.19323167204856873,0.08235976099967957,-0.0006911502467344003,5.095470007786212e-07,0.0,0.0,0.0,-0.0005114220596214875,0.99999986922373,1.0842021724855044e-19,0.0,0.0,0.0,0.0,1.0842021724855044e-19
1750345018.4371376,-0.025634765625,0.86065673828125,-0.00927734375,0.50848388671875,-8.57,-0.41,-4.73,-0.02,0.08,-0.03,0.0,0.0,-0.296958863735199,0.105110764503479,0.05903959646821022,-0.0006911502467344003,5.095470007786212e-07,0.0,0.0,0.0,-0.0005114220596214875,0.99999986922373,1.0842021724855044e-19,0.0,0.0,0.0,0.0,1.0842021724855044e-19
1750345018.5890973,-0.0257568359375,0.86077880859375,-0.008544921875,0.50830078125,-8.57,-0.4,-4.73,-0.05,0.06,0.0,0.0,0.0,-0.37448856234550476,0.08245807886123657,0.1215454563498497,-0.0006911502467344003,5.095470007786212e-07,0.0,0.0,0.0,-0.0005114220596214875,0.99999986922373,1.0842021724855044e-19,0.0,0.0,0.0,0.0,1.0842021724855044e-19
1750345018.7352636,-0.02569580078125,0.861572265625,-0.0084228515625,0.5069580078125,-8.56,-0.39,-4.76,0.1,0.05,-0.02,0.0,0.0,-0.4392707049846649,0.1097417026758194,0.17581462860107422,-0.0006911502467344003,5.095470007786212e-07,0.0,0.0,0.0,-0.0005114220596214875,0.99999986922373,1.0842021724855044e-19,0.0,0.0,0.0,0.0,1.0842021724855044e-19
1750345018.8852336,-0.02557373046875,0.86224365234375,-0.00836181640625,0.5057373046875,-8.54,-0.39,-4.78,-0.14,0.02,-0.03,0.0,0.0,-0.4522249698638916,0.2886604964733124,0.17329291999340057,-0.0006911502467344003,5.095470007786212e-07,0.0,0.0,0.0,-0.0005114220596214875,0.99999986922373,1.0842021724855044e-19,0.0,0.0,0.0,0.0,1.0842021724855044e-19
1750345019.0363224,-0.0263671875,0.866455078125,-0.00830078125,0.49847412109375,-8.46,-0.39,-4.93,-0.46,-0.09,0.35,0.0,0.0,-0.46286264061927795,0.44821345806121826,0.1617000550031662,-0.0006911502467344003,5.095470007786212e-07,0.0,0.0,0.0,-0.0005114220596214875,0.99999986922373,1.0842021724855044e-19,0.0,0.0,0.0,0.0,1.0842021724855044e-19
1750345019.1873496,-0.0308837890625,0.88787841796875,-0.00164794921875,0.45904541015625,-7.99,-0.3,-5.67,-1.95,0.01,1.61,0.0,0.0,-0.4088875651359558,1.4110888242721558,0.22346240282058716,-0.0013194684998023391,1.1063137294189182e-06,0.0,0.0,0.0,-0.0005114220726166846,0.9999998692237233,-0.000628990378525299,0.0,0.0,0.0,0.0,-5.439541234631643e-07
1750345019.3357542,-0.03692626953125,0.9412841796875,0.01055908203125,0.33544921875,-6.2,-0.04,-7.59,-4.11,-0.4,1.21,0.0,0.0,-0.7675608992576599,6.572351455688477,0.9754323959350586,-0.0018849550270676632,1.4781453403338737e-06,0.0,0.0,0.0,-0.00014612063886797517,0.9999999893243794,-0.0011944106828882034,0.0,0.0,0.0,0.0,0.0007299732234259647
1750345019.4858432,-0.016845703125,0.97747802734375,0.001953125,0.21026611328125,-4.03,-0.03,-8.93,9.47,-1.85,0.92,0.0,0.19713325798511505,-1.730893611907959,22.027996063232422,2.269735336303711,0.0003141572915757512,-2.474286538515521e-06,0.0,0.0,0.0,-0.0008036632611851716,0.9999996770626292,0.000999201734424744,0.0,0.0,0.0,0.0,-0.0005842038202456016
1750345019.6379483,-0.005615234375,0.98419189453125,-0.00421142578125,0.1771240234375,-3.41,-0.1,-9.19,7.23,1.15,-0.15,0.0,0.44602856040000916,-1.150742769241333,36.96171569824219,-0.538411557674408,0.007225636210480546,-2.065269764606324e-05,0.0,0.0,0.0,-0.0018265063140170742,0.9999983319359512,0.007915519660255142,0.0,0.0,0.0,0.0,-0.002631316615489563
1750345019.785519,0.00360107421875,0.9674072265625,-0.01385498046875,0.25274658203125,-4.79,-0.24,-8.54,3.86,0.74,-0.55,0.0,0.5102217197418213,-0.39905962347984314,40.81330490112305,-2.423431873321533,0.02997071755788786,-6.393202376142826e-05,0.0,0.0,0.0,-0.0005114223065302309,0.9999998692236036,0.030663047518734582,0.0,0.0,0.0,0.0,-1.3225164905394634e-06
1750345019.9350846,0.00775146484375,0.9195556640625,-0.02325439453125,0.39215087890625,-7.07,-0.36,-6.77,3.19,-0.41,0.11,0.0,0.36150625348091125,0.06013624742627144,31.8903751373291,-3.8879270553588867,0.042097255801634204,-7.899349776113494e-05,0.0,0.0,0.0,-0.0007306028200580497,0.999999733109724,0.04278091482105615,0.0,0.0,0.0,0.0,-0.00043936984251102167
1750345020.0872908,-0.02069091796875,0.81634521484375,-0.00787353515625,0.57708740234375,-9.23,-0.36,-3.27,-5.39,-0.77,6.5,0.0,0.0792224183678627,-0.11204826086759567,14.95334529876709,-4.355350971221924,0.08224679924407288,-7.158899110677542e-05,0.0,0.0,0.0,0.0005114220466262921,0.9999998692237365,0.0830399415646621,0.0,0.0,0.0,0.0,0.0018989747496703934
1750345020.2358656,-0.04241943359375,0.76397705078125,-0.0123291015625,0.6436767578125,-9.63,-0.72,-1.67,-1.24,-0.91,2.58,0.0,0.0,0.9578985571861267,-9.277204513549805,-0.12874332070350647,0.10153603325868396,-2.5341078058498047e-06,0.0,0.0,0.0,0.0030685280398638796,0.999995292056752,0.10285567582001302,0.0,0.0,0.0,0.0,0.007148936567874147
1750345020.3852923,-0.04180908203125,0.78643798828125,-0.00384521484375,0.6162109375,-9.5,-0.56,-2.35,-2.51,0.65,1.27,0.0,-0.14565664529800415,-1.0272737741470337,-18.93939781188965,2.2864878177642822,0.158397307804086,0.00041516667742980465,0.0,0.0,0.0,0.004456664813233631,0.999990069020059,0.16339295377876517,0.0,0.0,0.0,0.0,0.009049430196768387
1750345020.5359662,-0.02679443359375,0.8177490234375,-0.0059814453125,0.574951171875,-9.21,-0.39,-3.32,1.0,-0.2,0.62,0.0,-0.07780775427818298,-0.13370342552661896,-14.868465423583984,2.451153039932251,0.18899574379546663,0.0006141317860685093,0.0,0.0,0.0,0.0020456874466459837,0.9999979075792462,0.1887060150565586,0.0,0.0,0.0,0.0,0.005689606575425624
1750345020.6881943,-0.02716064453125,0.8636474609375,-0.00775146484375,0.5032958984375,-8.52,-0.39,-4.83,-1.88,-1.23,2.02,0.0,0.0,0.7257795929908752,-8.973594665527344,0.5989143252372742,0.2306530649098931,0.0007358123112361643,0.0,0.0,0.0,0.0003653011355133428,0.999999933277538,0.21071132659438538,0.0,0.0,0.0,0.0,0.0020434994002654925
1750345020.8371336,-0.0350341796875,0.94305419921875,0.01025390625,0.33056640625,-6.12,-0.03,-7.66,0.07,1.13,1.73,0.0,0.0,-0.42683687806129456,0.7742748856544495,0.347036212682724,0.24246540536831848,0.0007668808482419331,0.0,0.0,0.0,0.0022648670775211035,0.9999974351852714,0.2124777854936401,0.0,0.0,0.0,0.0,0.005553863723583825
1750345020.9857602,-0.01031494140625,0.98236083984375,0.02197265625,0.185546875,-3.51,0.4,-9.14,7.92,-0.04,-1.42,0.0,0.20704413950443268,-1.7736451625823975,22.622648239135742,2.068570375442505,0.26206863759836485,0.0008752530965518995,0.0,0.0,0.0,0.00197262629979221,0.999998054370848,0.20232005594718627,0.0,0.0,0.0,0.0,0.0035121423664765923
1750345021.1360934,-0.00567626953125,0.9794921875,0.0162353515625,0.20074462890625,-3.94,0.26,-8.97,4.31,0.26,0.57,0.0,0.494639128446579,-4.169527530670166,39.87834930419922,1.0852229595184326,0.27350393935297723,0.0009220394729656274,0.0,0.0,0.0,0.0021187465033528944,0.9999977554541083,0.19122207938474875,0.0,0.0,0.0,0.0,0.0032188641073270198
1750345021.2853177,-0.007080078125,0.95977783203125,-0.00042724609375,0.28057861328125,-5.37,-0.07,-8.19,1.57,-0.55,-0.75,0.0,0.4652710258960724,-3.4769210815429688,38.11626052856445,-0.029792068526148796,0.296625766882534,0.001038491100080126,0.0,0.0,0.0,0.0027032268340193857,0.999996346275667,0.1637851653388352,0.0,0.0,0.0,0.0,-0.0018842776540050911
1750345021.439659,-0.0076904296875,0.92376708984375,-0.02239990234375,0.3822021484375,-7.04,-0.48,-6.79,1.92,0.02,0.06,0.0,0.30754417181015015,-1.4561357498168945,28.652650833129883,-1.5083438158035278,0.31409281817269274,0.001122717479148763,0.0,0.0,0.0,0.002118745671662036,0.9999977554558704,0.15566949344298794,0.0,0.0,0.0,0.0,-0.004659545474169129
1750345021.5870461,-0.00567626953125,0.84722900390625,-0.039306640625,0.52978515625,-8.9,-0.7,-4.04,-1.24,-0.31,3.55,0.0,0.0998651310801506,0.5767327547073364,16.19190788269043,-2.89726185798645,0.3598969518466558,0.0012843811518301609,0.0,0.0,0.0,0.0018995651424085693,0.9999981958245073,0.14562764593197383,0.0,0.0,0.0,0.0,0.0007456434710801962
1750345021.7355945,0.02630615234375,0.69598388671875,-0.03631591796875,0.7166748046875,-9.78,-0.02,0.68,-11.31,-1.09,0.91,0.0,0.0,-1.2875583171844482,-2.9609808921813965,-3.4948909282684326,0.38584614978732357,0.0014189880528195499,0.0,0.0,0.0,0.003287705409523343,0.9999945954819657,0.1552263856083495,0.0,0.0,0.0,0.0,0.005850133663060523
1750345021.894221,0.04510498046875,0.69512939453125,-0.06195068359375,0.71478271484375,-9.79,-0.22,0.37,-2.23,-0.46,1.43,0.0,-0.3374839723110199,3.0292153358459473,-30.449037551879883,-6.815959453582764,0.44616416073307286,0.0016676824756640025,0.0,0.0,0.0,0.0009497813751990774,0.9999995489575679,0.19555909882429018,0.0,0.0,0.0,0.0,-0.004968111894396611
1750345022.0374186,0.0421142578125,0.70941162109375,-0.0662841796875,0.700439453125,-9.8,-0.32,0.02,0.15,0.84,5.07,0.0,-0.3373934328556061,2.443690538406372,-30.443605422973633,-10.134836196899414,0.47940215074959736,0.001636113424182739,0.0,0.0,0.0,-0.0018995683132313702,0.9999981958184841,0.21732061609402756,0.0,0.0,0.0,0.0,-0.007737850451229529
1750345022.1875608,0.04449462890625,0.75018310546875,-0.07623291015625,0.65533447265625,-9.69,-0.57,-1.39,-0.31,-1.29,-0.63,0.0,-0.2999153435230255,1.5071593523025513,-28.194921493530273,-9.820895195007324,0.5270286254423463,0.0015743157679460674,0.0,0.0,0.0,-0.0001461233418693614,0.9999999893239844,0.24172902699261337,0.0,0.0,0.0,0.0,-0.005543150065985975
1750345022.337309,0.04412841796875,0.81842041015625,-0.069580078125,0.5687255859375,-9.12,-0.62,-3.54,0.15,-0.32,0.52,0.0,-0.18575002253055573,0.06479276716709137,-21.345001220703125,-10.355430603027344,0.5447472073158901,0.0015769047231501399,0.0,0.0,0.0,0.00029223859760512956,0.9999999572983002,0.24809645003288533,0.0,0.0,0.0,0.0,-0.0048118196730118825
1750345022.4848378,0.0264892578125,0.91351318359375,-0.03375244140625,0.404541015625,-7.26,-0.39,-6.57,-5.21,0.78,0.98,0.0,0.0,-0.6229637265205383,-8.698753356933594,-10.0529146194458,0.5661728548291555,0.0016010094189819644,0.0,0.0,0.0,0.0003652998879743066,0.9999999332779937,0.23207520793481132,0.0,0.0,0.0,0.0,-0.0023278219852791277
1750345022.6351087,0.03131103515625,0.97259521484375,-0.0264892578125,0.2288818359375,-4.38,-0.36,-8.76,8.64,-0.43,0.59,0.0,0.05191449448466301,0.024664809927344322,13.31486988067627,-6.807774543762207,0.572016202049039,0.0016133900017066304,0.0,0.0,0.0,0.001753444460994811,0.9999984627150795,0.21205430475250667,0.0,0.0,0.0,0.0,-0.00028115285434438973
1750345022.7872496,0.03668212890625,0.9815673828125,-0.02606201171875,0.18585205078125,-3.59,-0.36,-9.11,7.28,1.35,0.31,0.0,0.4062246084213257,1.089072823524475,34.5734748840332,-7.927114963531494,0.5852108528912338,0.0016447339470217403,0.0,0.0,0.0,0.0013150828283721421,0.9999991352782034,0.16649924072569872,0.0,0.0,0.0,0.0,-0.0011568454817746732
1750345022.9383314,0.0343017578125,0.96539306640625,-0.0313720703125,0.25665283203125,-4.88,-0.42,-8.49,1.81,0.42,-0.06,0.0,0.4898070693016052,1.549090027809143,39.58842468261719,-8.89122486114502,0.595201033800729,0.001684877825702186,0.0,0.0,0.0,0.0027032253785623382,0.9999963462796015,0.14900870660719273,0.0,0.0,0.0,0.0,0.003521452124407737
1750345023.0900605,0.032470703125,0.9339599609375,-0.0367431640625,0.35400390625,-6.5,-0.44,-7.32,1.85,-0.5,-0.62,0.0,0.3507879674434662,1.2272740602493286,31.247278213500977,-8.405330657958984,0.6178831525962307,0.0017743144457695952,0.0,0.0,0.0,0.0017534438372261937,0.9999984627161732,0.11312400896177968,0.0,0.0,0.0,0.0,0.003948118515427809
1750345023.2356186,0.0343017578125,0.85577392578125,-0.03741455078125,0.514892578125,-8.66,-0.28,-4.57,2.17,0.83,2.73,0.0,0.15526831150054932,0.6509453654289246,19.516098022460938,-7.884542465209961,0.6351617381218247,0.0018513199682120263,0.0,0.0,0.0,0.0027032253785623382,0.9999963462796015,0.10815649155007809,0.0,0.0,0.0,0.0,0.0057046748789363316
1750345023.3857172,0.0384521484375,0.706298828125,-0.05145263671875,0.7049560546875,-9.8,-0.18,0.0,-3.81,-0.69,5.84,0.0,0.0,1.1716667413711548,-0.9318004846572876,-7.419530868530273,0.6784525544619244,0.00201805137021864,0.0,0.0,0.0,0.0020456843278047108,0.9999979075856263,0.12079935921185012,0.0,0.0,0.0,0.0,0.002555218017951671
1750345023.5360248,0.05255126953125,0.66326904296875,-0.067626953125,0.74346923828125,-9.74,-0.11,1.12,-2.65,-0.05,5.32,0.0,-0.3084428310394287,2.6012778282165527,-28.70656967163086,-8.834606170654297,0.7024542231559211,0.002084687030436256,0.0,0.0,0.0,0.0007305998571534231,0.9999997331118887,0.13624104033436002,0.0,0.0,0.0,0.0,0.0008034484921870979
1750345023.6855946,0.061279296875,0.72149658203125,-0.07080078125,0.68609619140625,-9.79,-0.17,-0.47,0.41,-0.17,-0.71,0.0,-0.41859909892082214,3.2953336238861084,-35.315948486328125,-11.617656707763672,0.7451170059589497,0.0021378035656084613,0.0,0.0,0.0,-0.00036530493011115546,0.9999999332761518,0.1675394901634822,0.0,0.0,0.0,0.0,-0.0024121058840601735
1750345023.8455875,0.060791015625,0.7786865234375,-0.07232666015625,0.6202392578125,-9.55,-0.36,-2.15,-0.45,-0.03,0.76,0.0,-0.26274481415748596,2.542689085006714,-25.964689254760742,-12.263957977294922,0.7623329294417958,0.0021252254396412784,0.0,0.0,0.0,-0.00036530493011115546,0.9999999332761518,0.17710264125082892,0.0,0.0,0.0,0.0,-0.003287956899612325
1750345023.9868538,0.0604248046875,0.8544921875,-0.0604248046875,0.51239013671875,-8.65,-0.4,-4.58,1.22,0.04,-0.3,0.0,-0.09762639552354813,1.103011131286621,-16.057584762573242,-11.958922386169434,0.7782293778372837,0.0021378079205373545,0.0,0.0,0.0,0.001022840554748532,0.9999994768984629,0.17434394989510582,0.0,0.0,0.0,0.0,-0.001536446692131072
1750345024.1352072,0.05462646484375,0.93243408203125,-0.03472900390625,0.35546875,-6.53,-0.25,-7.3,0.81,0.0,1.01,0.0,0.0,0.4461042582988739,-0.9014339447021484,-11.34386157989502,0.781370964899164,0.00214377556384071,0.0,0.0,0.0,0.0008767201113489455,0.9999996156808493,0.1634808013611288,0.0,0.0,0.0,0.0,-0.0016827102875419037
1750345024.2875667,0.0587158203125,0.98486328125,-0.025146484375,0.1612548828125,-3.14,-0.29,-9.28,4.51,0.88,-1.02,0.0,0.15282697975635529,-0.5563532710075378,19.369619369506836,-9.771943092346191,0.7798001724313918,0.002140263834057562,0.0,0.0,0.0,0.0010959008854103695,0.9999993995004444,0.12232962348924455,0.0,0.0,0.0,0.0,-0.0007082874347573648
1750345024.4377756,0.07598876953125,0.98968505859375,-0.03277587890625,0.1170654296875,-2.32,-0.46,-9.51,2.05,-0.03,-2.8,0.0,0.537217378616333,1.2957570552825928,42.43304443359375,-11.244261741638184,0.7813709641345232,0.002144050993610517,0.0,0.0,0.0,0.001315081593829347,0.9999991352798269,0.102923289472097,0.0,0.0,0.0,0.0,-0.0014593132934147567
1750345024.585136,0.0684814453125,0.97760009765625,-0.033447265625,0.1962890625,-3.8,-0.37,-9.02,1.59,0.0,-0.42,0.0,0.6188384294509888,3.2274255752563477,47.33030700683594,-14.796100616455078,0.7879054453154495,0.0021642767201101626,0.0,0.0,0.0,0.0014612019623526545,0.9999989324438427,0.06259146719929387,0.0,0.0,0.0,0.0,0.00087613501065671
1750345024.7356167,0.06121826171875,0.9498291015625,-0.0333251953125,0.30487060546875,-5.71,-0.25,-7.96,2.02,-0.25,0.21,0.0,0.4675043821334839,1.4966578483581543,38.25026321411133,-12.578598976135254,0.7955708984410376,0.00218667834215402,0.0,0.0,0.0,0.0014612019623526545,0.9999989324438427,0.05046276103477394,0.0,0.0,0.0,0.0,0.003653247794795305
1750345024.8855393,0.05999755859375,0.88861083984375,-0.03338623046875,0.4534912109375,-7.94,-0.04,-5.75,-1.49,-0.05,0.71,0.0,0.2549825608730316,-0.24796518683433533,25.498952865600586,-10.630501747131348,0.8194466949467739,0.002306168713186325,0.0,0.0,0.0,0.00219180369044156,0.9999975979954064,0.04693343402033,0.0,0.0,0.0,0.0,0.003063919451603789
1750345025.039165,0.0582275390625,0.772705078125,-0.04315185546875,0.630615234375,-9.6,0.06,-1.97,3.34,0.18,3.22,0.0,0.0,-2.2693774700164795,7.162769794464111,-9.782352447509766,0.8394898821727654,0.0023896376442565513,0.0,0.0,0.0,0.0019726231939456627,0.9999980543769746,0.06127503397528028,0.0,0.0,0.0,0.0,0.0018955063024460378
1750345025.1858919,0.045166015625,0.70208740234375,-0.06982421875,0.70721435546875,-9.8,-0.33,0.09,-11.28,-0.97,-1.39,0.0,-0.11527705192565918,3.7666854858398438,-17.116622924804688,-10.371968269348145,0.8727273650884684,0.0025792014859803707,0.0,0.0,0.0,0.004091361901088517,0.9999916303438716,0.09105293217526565,0.0,0.0,0.0,0.0,0.005987486441540593
1750345025.3356352,0.05010986328125,0.705810546875,-0.06451416015625,0.70367431640625,-9.8,-0.2,-0.01,5.05,1.38,6.34,0.0,-0.3190816640853882,1.5888315439224243,-29.344900131225586,-10.376334190368652,0.8951579863806581,0.0026988339984972197,0.0,0.0,0.0,0.0012420220226123657,0.9999992286903502,0.11539573480068269,0.0,0.0,0.0,0.0,0.00028213662069505145
1750345025.4856415,0.0596923828125,0.72857666015625,-0.07232666015625,0.67852783203125,-9.78,-0.23,-0.67,-2.73,-0.49,3.11,0.0,-0.30789026618003845,2.464430093765259,-28.673416137695312,-10.777440071105957,0.9223640627133726,0.0027776849887115236,0.0,0.0,0.0,0.0010228411915130656,0.9999994768978117,0.13894557109719938,0.0,0.0,0.0,0.0,-0.001325074627544971
1750345025.634935,0.0604248046875,0.81292724609375,-0.06658935546875,0.57537841796875,-9.25,-0.38,-3.22,2.37,-0.18,-0.92,0.0,-0.2435905486345291,2.1094143390655518,-24.815433502197266,-12.078619003295898,0.9285843775272165,0.0027990445651031727,0.0,0.0,0.0,0.0024109844974879676,0.9999970935726528,0.14070467158176372,0.0,0.0,0.0,0.0,0.0018886736376765056
1750345025.7867405,0.0667724609375,0.85382080078125,-0.06982421875,0.511474609375,-8.65,-0.49,-4.57,1.03,0.34,-1.35,0.0,0.0,0.8499453067779541,-9.568171501159668,-11.59504222869873,0.9341135322381243,0.002821951127229405,0.0,0.0,0.0,0.0013881422496226585,0.9999990365300833,0.1278246726271894,0.0,0.0,0.0,0.0,-0.003515327171355651
1750345025.9353995,0.068115234375,0.87286376953125,-0.06982421875,0.47808837890625,-8.27,-0.55,-5.22,0.01,-0.05,-1.42,0.0,0.0,-0.1029098778963089,-0.9444977641105652,-12.51950740814209,0.9350560061890081,0.0028246365685942283,0.0,0.0,0.0,0.0014612024821601345,0.9999989324430832,0.11562779589079553,0.0,0.0,0.0,0.0,-0.0014683510639481251
1750345026.087404,0.062744140625,0.8818359375,-0.06719970703125,0.4625244140625,-8.08,-0.59,-5.52,1.26,0.28,-0.36,0.0,0.0,0.5858475565910339,3.4290874004364014,-12.78298282623291,0.933359553859101,0.0028195181633126573,0.0,0.0,0.0,0.0015342627068981212,0.9999988230182805,0.07905406860265277,0.0,0.0,0.0,0.0,-0.0020522579056737322
1750345026.235515,0.06103515625,0.87347412109375,-0.06689453125,0.47833251953125,-8.27,-0.57,-5.23,1.54,0.46,0.17,0.0,0.0,0.8765448331832886,5.485966682434082,-12.178955078125,0.9327940705434609,0.0028175763831965748,0.0,0.0,0.0,0.0018995636219730808,0.9999981958273955,0.06007824617390274,0.0,0.0,0.0,0.0,-0.004389968438559036
1750345026.3955662,0.05706787109375,0.86083984375,-0.064208984375,0.5015869140625,-8.54,-0.52,-4.79,-0.21,0.25,0.03,0.0,0.0,0.684924840927124,3.4512522220611572,-11.913500785827637,0.9325427455765001,0.0028164654839114155,0.0,0.0,0.0,0.0023379244097589827,0.9999972670509926,0.022230071825366803,0.0,0.0,0.0,0.0,0.001169885754977738
1750345026.5441208,0.06072998046875,0.84405517578125,-0.0650634765625,0.52874755859375,-8.83,-0.44,-4.23,-0.86,0.28,0.43,0.0,0.0,0.2841905653476715,0.46188607811927795,-11.265392303466797,0.9325427455765001,0.0028164654839114155,0.0,0.0,0.0,0.0023379244097589827,0.9999972670509926,0.010173526759209992,0.0,0.0,0.0,0.0,0.0026302231453670002
1750345026.689764,0.06512451171875,0.8359375,-0.06689453125,0.54083251953125,-8.95,-0.4,-3.98,0.14,-0.24,0.3,0.0,0.0,0.2710394561290741,-3.166184425354004,-11.598958969116211,0.9318516015991851,0.0028134954347920423,0.0,0.0,0.0,0.0018265034550781678,0.999998331941173,-0.0005624320222847026,0.0,0.0,0.0,0.0,-0.00045502229971479706
1750345026.8357265,0.06451416015625,0.8345947265625,-0.0670166015625,0.54296875,-8.97,-0.4,-3.93,0.12,0.1,-0.02,0.0,0.0,0.5629199743270874,-4.822569847106934,-12.121745109558105,0.9318516015991851,0.0028134954347920423,0.0,0.0,0.0,0.0018265034550781678,0.999998331941173,-0.002260108409810762,0.0,0.0,0.0,0.0,0.0008610059076697451
1750345027.0008962,0.0604248046875,0.83917236328125,-0.05938720703125,0.53729248046875,-8.91,-0.34,-4.07,0.19,0.15,-0.07,0.0,0.0,0.5479207038879395,-5.114434242248535,-12.063190460205078,0.9319144330490873,0.0028137203691170473,0.0,0.0,0.0,0.001753443278433668,0.9999984627171531,-0.001946540574277242,0.0,0.0,0.0,0.0,0.00042240479398848957
1750345027.1350136,0.05328369140625,0.83642578125,-0.05194091796875,0.54302978515625,-8.96,-0.28,-3.97,-0.11,0.11,-0.11,0.0,0.0,0.9280232191085815,-4.216771602630615,-11.23806381225586,0.9321657586420997,0.0028146751921925258,0.0,0.0,0.0,0.0020456839249544823,0.9999979075864505,-0.0011923633984971802,0.0,0.0,0.0,0.0,0.0010070345872507914
1750345027.2894833,0.0521240234375,0.8411865234375,-0.0499267578125,0.535888671875,-8.89,-0.27,-4.12,-0.09,0.23,0.0,0.0,0.0,1.2773019075393677,-4.887657642364502,-10.100605010986328,0.9318516024948847,0.0028132750919598877,0.0,0.0,0.0,0.0024109844974879034,0.9999970935726528,-0.0010036339613172338,0.0,0.0,0.0,0.0,0.0008605378613186097
1750345027.437363,0.049072265625,0.8404541015625,-0.0452880859375,0.5377197265625,-8.9,-0.22,-4.09,-0.09,0.13,-0.08,0.0,0.0,1.29807710647583,-3.893679618835449,-9.879137992858887,0.9318516024948847,0.0028132750919598877,0.0,0.0,0.0,0.0024109844974879034,0.9999970935726528,-0.0006893037827546253,0.0,0.0,0.0,0.0,0.00012953744605672952
1750345027.5852096,0.0477294921875,0.83953857421875,-0.04437255859375,0.53936767578125,-8.92,-0.22,-4.06,0.0,0.02,0.0,0.0,0.0,1.5785753726959229,-4.081390380859375,-9.313501358032227,0.9318516024948847,0.0028132750919598877,0.0,0.0,0.0,0.0024109844974879034,0.9999970935726528,-0.0003255297702955414,0.0,0.0,0.0,0.0,0.0004115328045519773
1750345027.7353594,0.04296875,0.843017578125,-0.04071044921875,0.53460693359375,-8.87,-0.22,-4.16,0.0,0.07,-0.02,0.0,0.0,1.6043483018875122,-4.293320178985596,-9.126239776611328,0.9319144336389177,0.0028135734738630844,0.0,0.0,0.0,0.002337924409759112,0.9999972670509926,6.296702966400794e-05,0.0,0.0,0.0,0.0,0.0010228246338178657
1750345027.886681,0.04180908203125,0.84295654296875,-0.0406494140625,0.53485107421875,-8.87,-0.23,-4.16,-0.04,0.1,-0.06,0.0,0.0,1.6014918088912964,-3.608499765396118,-8.44685173034668,0.9316631086469114,0.0028124717555793773,0.0,0.0,0.0,0.0020456839379497447,0.9999979075864239,-0.00018825119118876573,0.0,0.0,0.0,0.0,0.00043859621323002
1750345028.0360177,0.0408935546875,0.84320068359375,-0.04107666015625,0.53448486328125,-8.87,-0.25,-4.17,0.08,0.05,0.06,0.0,0.0,1.538685917854309,-3.6401946544647217,-8.326278686523438,0.9316631086469114,0.0028124717555793773,0.0,0.0,0.0,0.0020456839379497447,0.9999979075864239,-0.00025113917696108527,0.0,0.0,0.0,0.0,0.0005848473429330887
1750345028.187553,0.03997802734375,0.843994140625,-0.0416259765625,0.53326416015625,-8.85,-0.27,-4.19,0.02,0.12,0.0,0.0,0.0,1.436813235282898,-3.597766637802124,-8.258135795593262,0.9318516024519558,0.0028132842728867233,0.0,0.0,0.0,0.0022648643095508686,0.9999974351915405,-0.0001886203123626334,0.0,0.0,0.0,0.0,0.00014568819845744985
1750345028.3352551,0.0391845703125,0.8460693359375,-0.042724609375,0.5299072265625,-8.82,-0.3,-4.26,-0.1,0.13,-0.03,0.0,0.0,1.3130937814712524,-3.4403934478759766,-8.197752952575684,0.9316002773016487,0.002812219278370128,0.0,0.0,0.0,0.001972623791723756,0.9999980543757955,-0.000251349383901662,0.0,0.0,0.0,0.0,-0.0008767225518067038
1750345028.486179,0.04132080078125,0.84814453125,-0.047119140625,0.52606201171875,-8.78,-0.35,-4.33,-0.03,-0.02,-0.05,0.0,0.0,1.1190696954727173,-3.003244400024414,-8.18375015258789,0.9313489515606242,0.0028113011791038676,0.0,0.0,0.0,0.0016803830924296275,0.9999985881553347,-0.0005027609414538191,0.0,0.0,0.0,0.0,-0.0014614005926256736
1750345028.6357527,0.04180908203125,0.850341796875,-0.0496826171875,0.522216796875,-8.74,-0.4,-4.41,-0.12,0.08,-0.05,0.0,0.0,0.778278648853302,-2.5399930477142334,-8.650744438171387,0.9313489515606242,0.0028113011791038676,0.0,0.0,0.0,0.0016803830924296275,0.9999985881553347,-0.0005027609414538191,0.0,0.0,0.0,0.0,-0.0014614005926256736
1750345028.7857687,0.04364013671875,0.8521728515625,-0.0511474609375,0.5189208984375,-8.71,-0.41,-4.47,0.06,0.1,-0.11,0.0,0.0,0.5121762752532959,-2.0591790676116943,-8.852413177490234,0.9319772656017282,0.002813679055928739,0.0,0.0,0.0,0.0019726237787284916,0.9999980543758211,0.0003145539510423658,0.0,0.0,0.0,0.0,-0.0001461834629227736
1750345028.936726,0.0439453125,0.85272216796875,-0.0521240234375,0.5179443359375,-8.7,-0.42,-4.49,-0.03,0.07,-0.12,0.0,0.0,0.43850523233413696,-1.6381878852844238,-9.126110076904297,0.9319144342944757,0.0028134173977726194,0.0,0.0,0.0,0.0021918041842580237,0.9999975979943241,0.00025177871230637635,0.0,0.0,0.0,0.0,0.0002917833189564807
1750345029.0862055,0.04339599609375,0.852783203125,-0.052490234375,0.517822265625,-8.7,-0.43,-4.49,0.06,0.08,0.03,0.0,0.0,0.34934690594673157,-1.5197584629058838,-9.214499473571777,0.9316631089912342,0.0028123891270523524,0.0,0.0,0.0,0.0018995636219730817,0.9999981958273955,-0.00025083817165835786,0.0,0.0,0.0,0.0,-0.0008770931553801105
1750345029.238706,0.04302978515625,0.85284423828125,-0.0526123046875,0.51776123046875,-8.7,-0.44,-4.49,-0.01,0.09,-0.11,0.0,0.0,0.27947863936424255,-1.5101234912872314,-9.181133270263672,0.9314117831299153,0.0028115077517031537,0.0,0.0,0.0,0.0016073228974560917,0.9999987082557174,-0.00043861828063570857,0.0,0.0,0.0,0.0,-0.0013137910832344145
1750345029.3855803,0.042724609375,0.85302734375,-0.052734375,0.5174560546875,-8.7,-0.44,-4.5,0.03,0.05,0.0,0.0,0.0,0.24492572247982025,-1.5031412839889526,-9.15174674987793,0.931223288408161,0.002810943120430439,0.0,0.0,0.0,0.001388142249622595,0.9999990365300833,-0.00018753696985522353,0.0,0.0,0.0,0.0,-0.0007298810581635191
1750345029.5360265,0.0416259765625,0.85333251953125,-0.05157470703125,0.51708984375,-8.69,-0.44,-4.5,0.05,0.07,-0.04,0.0,0.0,0.2109847217798233,-1.4649170637130737,-9.129222869873047,0.931223288408161,0.002810943120430439,0.0,0.0,0.0,0.001388142249622595,0.9999990365300833,-0.00012461165681968534,0.0,0.0,0.0,0.0,-0.0005835431208715698
1750345029.6892018,0.0404052734375,0.85345458984375,-0.0494384765625,0.5172119140625,-8.69,-0.41,-4.51,0.0,0.0,-0.04,0.0,0.0,0.253583163022995,-1.4025951623916626,-8.954850196838379,0.9315374461249682,0.0028119300774364082,0.0,0.0,0.0,0.0017534432784336686,0.9999984627171531,6.122671390513314e-07,0.0,0.0,0.0,0.0,-0.0002923246930605542
1750345029.8351886,0.04034423828125,0.85345458984375,-0.04913330078125,0.517333984375,-8.69,-0.41,-4.51,-0.02,0.08,-0.13,0.0,0.0,0.3898850977420807,-1.38919198513031,-8.71091079711914,0.9315374461249682,0.0028119300774364082,0.0,0.0,0.0,0.0017534432784336686,0.9999984627171531,-0.00043970269805873277,0.0,0.0,0.0,0.0,-0.0004386087049178308
1750345029.9855652,0.0406494140625,0.85333251953125,-0.0489501953125,0.51751708984375,-8.69,-0.4,-4.5,0.12,0.12,-0.04,0.0,0.0,0.41722768545150757,-1.3981664180755615,-8.686827659606934,0.931223288408161,0.002810943120430439,0.0,0.0,0.0,0.0013881422496226593,0.9999990365300833,-0.000691297364404069,0.0,0.0,0.0,0.0,-0.0016076682893117963
1750345030.1352086,0.0406494140625,0.85308837890625,-0.0489501953125,0.51788330078125,-8.7,-0.4,-4.49,0.0,0.03,-0.02,0.0,0.0,0.4554956555366516,-1.4203442335128784,-8.706292152404785,0.9310347934570047,0.002810461118092694,0.0,0.0,0.0,0.001168961535102442,0.9999993167642314,-0.0006285211102627085,0.0,0.0,0.0,0.0,-0.0014616770006109579
1750345030.2874653,0.0406494140625,0.85333251953125,-0.04888916015625,0.51751708984375,-8.7,-0.4,-4.5,0.0,0.11,-0.03,0.0,0.0,0.46006885170936584,-1.4705169200897217,-8.705491065979004,0.9309091300541258,0.002810185688226283,0.0,0.0,0.0,0.001022841035570641,0.9999994768979712,-0.00031504264437185044,0.0,0.0,0.0,0.0,-0.0007326573124926834
1750345030.435752,0.0406494140625,0.85345458984375,-0.04888916015625,0.51727294921875,-8.69,-0.4,-4.51,0.04,0.08,-0.11,0.0,0.0,0.4614398181438446,-1.419722080230713,-8.702820777893066,0.9311604567740255,0.0028107732719672538,0.0,0.0,0.0,0.0013150820096754165,0.9999991352792801,-6.369348478873105e-05,0.0,0.0,0.0,0.0,-0.00014812438322961505
1750345030.586114,0.04071044921875,0.85400390625,-0.04888916015625,0.51641845703125,-8.68,-0.4,-4.52,0.06,0.12,0.0,0.0,0.0,0.45853134989738464,-1.3886929750442505,-8.703548431396484,0.9314117831187396,0.002811507751667206,0.0,0.0,0.0,0.0016073228844608832,0.9999987082557382,-6.435848859928964e-07,0.0,0.0,0.0,0.0,-1.4967090372007249e-06
1750345030.7375011,0.040771484375,0.85443115234375,-0.04888916015625,0.51568603515625,-8.68,-0.4,-4.54,0.0,0.08,-0.04,0.0,0.0,0.45155301690101624,-1.272627592086792,-8.711583137512207,0.9314117831187396,0.002811507751667206,0.0,0.0,0.0,0.0016073228844608832,0.9999987082557382,-0.0001261262887847238,0.0,0.0,0.0,0.0,-0.00029331695066215626
1750345030.882846,0.041259765625,0.85418701171875,-0.049072265625,0.51605224609375,-8.68,-0.4,-4.53,0.11,0.15,-0.09,0.0,0.0,0.4462251365184784,-1.1757028102874756,-8.719552040100098,0.9309719617656269,0.0028103188126569244,0.0,0.0,0.0,0.0010959012882613961,0.9999993995000029,-0.0005664074135670759,0.0,0.0,0.0,0.0,-0.0013172265431792543
1750345031.038058,0.04241943359375,0.85345458984375,-0.04730224609375,0.51727294921875,-8.69,-0.36,-4.51,-0.03,0.09,-0.03,0.0,0.0,0.4619179666042328,-1.2260630130767822,-8.777595520019531,0.930909130054126,0.002810185688226283,0.0,0.0,0.0,0.001022841035570641,0.9999994768979712,-0.00031485981584946835,0.0,0.0,0.0,0.0,-0.0007322321298824925
1750345031.1855252,0.04400634765625,0.8546142578125,-0.0452880859375,0.515380859375,-8.67,-0.31,-4.56,-0.11,0.17,0.0,0.0,0.0,0.7183310985565186,-1.3662470579147339,-8.788835525512695,0.9311604567740257,0.0028107732719672538,0.0,0.0,0.0,0.0013150820096754165,0.9999991352792801,0.00025104373669772675,0.0,0.0,0.0,0.0,0.0005838226434830775
1750345031.3376865,0.04583740234375,0.8568115234375,-0.04364013671875,0.51171875,-8.63,-0.27,-4.63,0.0,0.17,-0.08,0.0,0.0,0.9852493405342102,-1.0866707563400269,-8.834977149963379,0.931348951576272,0.0028113103602696496,0.0,0.0,0.0,0.0015342626809077024,0.9999988230183203,0.0004394826269793875,0.0,0.0,0.0,0.0,0.0010220526208822886
1750345031.487063,0.04742431640625,0.8597412109375,-0.0421142578125,0.5067138671875,-8.57,-0.23,-4.74,-0.1,0.05,0.04,0.0,0.0,1.2084275484085083,-0.575485348701477,-8.92813491821289,0.931286120005632,0.0028111221498560734,0.0,0.0,0.0,0.0014612024691649887,0.9999989324431022,-6.32548523863116e-05,0.0,0.0,0.0,0.0,-0.00014710430787515116
1750345031.6406918,0.0482177734375,0.8629150390625,-0.0347900390625,0.50177001953125,-8.52,-0.11,-4.84,0.86,-0.19,-0.95,0.0,0.0,-1.387900948524475,0.10810821503400803,-9.004843711853027,0.9310976251269184,0.002810612604530537,0.0,0.0,0.0,0.0012420217757037329,0.9999992286906568,-0.00031413672164342835,0.0,0.0,0.0,0.0,-0.0007305505154498413
1750345031.7856977,0.0467529296875,0.833251953125,-0.02734375,0.5501708984375,-9.08,0.07,-3.68,3.14,0.61,-3.08,0.0,0.0,-2.091831922531128,0.8527889251708984,-8.658404350280762,0.9314746146428696,0.0028117143240821117,0.0,0.0,0.0,0.0016803830924295628,0.9999985881553347,0.0002690949871820602,0.0,0.0,0.0,0.0,0.0006258022957722254
1750345031.9358544,0.04595947265625,0.709716796875,-0.04669189453125,0.701416015625,-9.8,-0.03,0.06,-0.54,-1.57,2.31,0.0,0.0,3.3079516887664795,-5.569732666015625,-8.105446815490723,0.9345533574109994,0.002822286238821247,0.0,0.0,0.0,0.0017534432394481175,0.9999984627172214,0.0036038725667145405,0.0,0.0,0.0,0.0,0.0013567251412822
1750345032.0856957,0.0460205078125,0.6912841796875,-0.06072998046875,0.71856689453125,-9.79,-0.17,0.39,2.46,-0.46,-1.0,0.0,-0.2975202798843384,3.6637794971466064,-28.051218032836914,-9.56849479675293,0.9253170927045077,0.00281871946903943,0.0,0.0,0.0,-0.0015342684897547115,0.999998823009408,-0.005570603022692244,0.0,0.0,0.0,0.0,-0.005074162382827959
1750345032.2380102,0.05450439453125,0.7508544921875,-0.0528564453125,0.65606689453125,-9.71,-0.07,-1.3,-0.89,-0.28,2.27,0.0,-0.34734514355659485,2.716738700866699,-31.040708541870117,-10.240365982055664,0.917337466324369,0.0028356263616308736,0.0,0.0,0.0,-0.0005844851233126453,0.9999998291885557,-0.013793622195759603,0.0,0.0,0.0,0.0,-0.0037611679570759234
1750345032.3858223,0.05584716796875,0.824951171875,-0.039794921875,0.56103515625,-9.12,-0.02,-3.6,-2.35,-0.76,3.29,0.0,-0.18099695444107056,3.0226731300354004,-21.059816360473633,-10.520315170288086,0.9020065428386514,0.0028728095592679666,0.0,0.0,0.0,-0.0017534487494039626,0.99999846270756,-0.029375033241676552,0.0,0.0,0.0,0.0,-0.006682917232776543
1750345032.5383296,0.06207275390625,0.9268798828125,-0.015625,0.36981201171875,-6.74,0.16,-7.11,3.39,0.76,4.62,0.0,0.0,2.8496549129486084,-7.182342529296875,-9.718598365783691,0.8876809481291447,0.0029167683196914766,0.0,0.0,0.0,-0.0013150873247070823,0.9999991352722903,-0.04357170728287617,0.0,0.0,0.0,0.0,-0.005514261065875179
1750345032.6885552,0.07440185546875,0.9779052734375,0.00079345703125,0.19525146484375,-3.74,0.3,-9.05,6.76,0.92,-2.89,0.0,0.12748362123966217,-3.208190679550171,17.849016189575195,-8.920633316040039,0.8597208065709708,0.002955718915070711,0.0,0.0,0.0,-0.00021918242578434274,0.9999999759795318,-0.07132921061279927,0.0,0.0,0.0,0.0,-0.0028877794898893826
1750345032.8350656,0.07843017578125,0.97589111328125,-0.00433349609375,0.2037353515625,-3.9,0.23,-8.99,3.84,0.37,-1.72,0.0,0.47736185789108276,-3.5397720336914062,38.84170913696289,-9.333477973937988,0.8491650657274052,0.0029696006590347684,0.0,0.0,0.0,-0.0010959060964820264,0.9999993994947336,-0.08228403344646655,0.0,0.0,0.0,0.0,-0.00555904145661806
1750345032.9858913,0.06951904296875,0.95159912109375,-0.013916015625,0.299072265625,-5.6,0.14,-8.04,2.5,-0.08,-0.62,0.0,0.46015504002571106,-3.0466864109039307,37.809303283691406,-10.22336483001709,0.826922609869743,0.002964991871043017,0.0,0.0,0.0,0.0012420227633381385,0.9999992286894303,-0.10367630936616705,0.0,0.0,0.0,0.0,0.0014554746371697623
1750345033.137283,0.05511474609375,0.9107666015625,-0.02191162109375,0.40863037109375,-7.32,0.05,-6.52,-0.29,0.1,1.34,0.0,0.27081945538520813,-2.8272411823272705,26.449167251586914,-9.73586654663086,0.8211420845574438,0.002959079313885713,0.0,0.0,0.0,-0.0002191826337076158,0.9999999759794862,-0.10417375380641536,0.0,0.0,0.0,0.0,0.002628757664387603
1750345033.285333,0.0572509765625,0.81683349609375,-0.03558349609375,0.57293701171875,-9.21,0.07,-3.34,0.85,0.82,-0.74,0.0,0.046014707535505295,-2.6606059074401855,12.960882186889648,-8.638314247131348,0.8206394297260451,0.0029590058674165876,0.0,0.0,0.0,-0.0002191826337076158,0.9999999759794862,-0.08923522993160797,0.0,0.0,0.0,0.0,0.0020450757774286093
1750345033.435906,0.08453369140625,0.68487548828125,-0.06109619140625,0.72119140625,-9.78,0.37,0.46,-0.44,1.24,10.67,0.0,0.0,3.508808135986328,-8.775578498840332,-9.669719696044922,0.8245350042790802,0.0029572981827128524,0.0,0.0,0.0,-0.00021918263370755125,0.9999999759794862,-0.07747449056335931,0.0,0.0,0.0,0.0,0.0030688403386580406
1750345034.187716,0.10565185546875,0.67034912109375,-0.06854248046875,0.7313232421875,-9.75,0.61,0.77,5.09,0.05,5.01,0.0,-0.35227170586586,6.491730690002441,-31.3363037109375,-15.2938232421875,0.8254774855879347,0.0029654922471928106,0.0,0.0,0.0,-0.00029224298998216364,0.9999999572970165,0.004589669988503091,0.0,0.0,0.0,0.0,-0.001309794312342552
1750345034.1888638,0.10601806640625,0.70367431640625,-0.0775146484375,0.69830322265625,-9.79,0.38,-0.12,-0.65,-0.98,-4.0,0.0,-0.35227170586586,6.491730690002441,-31.3363037109375,-15.2938232421875,0.8254774855879347,0.0029654922471928106,0.0,0.0,0.0,-0.00029224298998216364,0.9999999572970165,0.004589669988503091,0.0,0.0,0.0,0.0,-0.001309794312342552
1750345034.1899633,0.09490966796875,0.78472900390625,-0.06695556640625,0.60882568359375,-9.49,0.1,-2.44,0.46,-0.2,4.45,0.0,-0.29462945461273193,6.3033766746521,-27.87776756286621,-18.223445892333984,0.8254774855879347,0.0029654922471928106,0.0,0.0,0.0,-0.00029224298998216364,0.9999999572970165,0.004589669988503091,0.0,0.0,0.0,0.0,-0.001309794312342552
1750345034.191173,0.05859375,0.91876220703125,-0.03692626953125,0.388671875,-7.04,-0.21,-6.81,5.86,1.32,1.78,0.0,-0.29462945461273193,6.3033766746521,-27.87776756286621,-18.223445892333984,0.8254774855879347,0.0029654922471928106,0.0,0.0,0.0,-0.00029224298998216364,0.9999999572970165,0.004589669988503091,0.0,0.0,0.0,0.0,-0.001309794312342552
1750345034.1923308,0.060302734375,0.96771240234375,-0.01251220703125,0.24444580078125,-4.65,0.05,-8.63,1.19,1.56,-5.46,0.0,-0.29462945461273193,6.3033766746521,-27.87776756286621,-18.223445892333984,0.8254774855879347,0.0029654922471928106,0.0,0.0,0.0,-0.00029224298998216364,0.9999999572970165,0.004589669988503091,0.0,0.0,0.0,0.0,-0.001309794312342552
1750345034.3349273,0.0672607421875,0.962646484375,-0.022216796875,0.2613525390625,-4.96,-0.07,-8.45,3.6,-0.05,-1.06,0.0,0.378772497177124,-1.9403831958770752,32.92634963989258,-9.07967758178711,0.813099671446651,0.0030007611334612254,0.0,0.0,0.0,-0.0025571095591115814,0.9999967305900068,-0.007532417543946443,0.0,0.0,0.0,0.0,-0.004670016792365039
1750345034.4859354,0.050537109375,0.946044921875,-0.02056884765625,0.31939697265625,-5.94,-0.06,-7.79,2.14,0.15,-0.53,0.0,0.3437320590019226,-1.167047381401062,30.823923110961914,-10.542512893676758,0.7745838915730591,0.0030775007227415775,0.0,0.0,0.0,0.0007306013386059099,0.9999997331108064,-0.05688273587433547,0.0,0.0,0.0,0.0,0.0013253947081747204
1750345034.6365988,0.0474853515625,0.9205322265625,-0.01678466796875,0.38739013671875,-7.0,0.05,-6.85,1.93,-0.5,0.0,0.0,0.22850264608860016,-1.5452778339385986,23.910158157348633,-8.450770378112793,0.7581847822897159,0.003069113908037138,0.0,0.0,0.0,-0.00021918252974588236,0.9999999759795091,-0.08013096949589285,0.0,0.0,0.0,0.0,-0.00042707347560236417
1750345034.7860694,0.05224609375,0.85101318359375,-0.012939453125,0.52239990234375,-8.73,0.31,-4.45,1.0,0.12,0.86,0.0,0.09071376919746399,-2.6164684295654297,15.642826080322266,-7.604241371154785,0.743984785214881,0.0030746960150001778,0.0,0.0,0.0,0.00021917941089853347,0.9999999759801926,-0.102489987503188,0.0,0.0,0.0,0.0,0.0010345051977225866
1750345034.9349592,0.050048828125,0.71405029296875,-0.0269775390625,0.69781494140625,-9.79,0.3,-0.24,-0.69,-0.44,1.67,0.0,0.0,4.709605693817139,-1.6603906154632568,-7.801864147186279,0.7400263785952662,0.0030738284190978626,0.0,0.0,0.0,-1.3515005629113463e-09,1.0,-0.10526020719622325,0.0,0.0,0.0,0.0,0.00015756431118350888
1750345035.0872307,0.05316162109375,0.69818115234375,-0.04278564453125,0.712646484375,-9.8,0.15,0.19,-1.28,0.52,3.25,0.0,-0.2836529016494751,5.76683235168457,-27.219175338745117,-9.288330078125,0.7355024863181371,0.0030710373994596294,0.0,0.0,0.0,0.0005844809648498638,0.9999998291909863,-0.0963994794998918,0.0,0.0,0.0,0.0,0.0023452760799180083
1750345035.2343702,0.05377197265625,0.73779296875,-0.04547119140625,0.67132568359375,-9.76,0.04,-0.92,-1.3,0.24,2.05,0.0,-0.32645636796951294,4.913686275482178,-29.787382125854492,-10.445487022399902,0.7356281499843994,0.003071147571438944,0.0,0.0,0.0,0.000292239806158815,0.9999999572979469,-0.08986151797603108,0.0,0.0,0.0,0.0,0.001175213342817177
1750345035.3849318,0.05609130859375,0.787353515625,-0.04034423828125,0.61260986328125,-9.5,0.05,-2.41,-0.73,0.37,1.0,0.0,-0.21808907389640808,3.908215045928955,-23.28534507751465,-10.225348472595215,0.7337431974088096,0.0030751321407377326,0.0,0.0,0.0,-0.0007306041715582075,0.9999997331087367,-0.05943183239908015,0.0,0.0,0.0,0.0,0.0005892095389252584
1750345035.534969,0.0550537109375,0.87164306640625,-0.02679443359375,0.486328125,-8.34,0.06,-5.15,-0.82,0.28,2.49,0.0,-0.07104229182004929,3.575949192047119,-14.46253776550293,-9.919196128845215,0.7241299331781365,0.003088476782927252,0.0,0.0,0.0,-0.0006575437265313413,0.9999997838181005,-0.05045368916777072,0.0,0.0,0.0,0.0,-0.0027722404815922652
1750345035.6906843,0.05194091796875,0.96405029296875,-0.00830078125,0.260498046875,-4.93,0.1,-8.47,3.89,0.51,-2.08,0.0,0.0,-3.0830440521240234,2.9860668182373047,-8.85480785369873,0.7015733092983321,0.0030810080610775034,0.0,0.0,0.0,0.0010228433617101255,0.9999994768955919,-0.04625367957471479,0.0,0.0,0.0,0.0,0.0026322871077468094
1750345035.8375916,0.0645751953125,0.9814453125,-0.00634765625,0.1802978515625,-3.47,0.1,-9.16,4.29,-0.6,-2.74,0.0,0.3477364182472229,-2.4049737453460693,31.064184188842773,-7.790406227111816,0.6922113787644528,0.0030885319121339147,0.0,0.0,0.0,-0.0018265068338240054,0.9999983319350018,-0.05177423239187744,0.0,0.0,0.0,0.0,-0.0040884770067323795
1750345035.9856958,0.05255126953125,0.97064208984375,-0.00701904296875,0.23468017578125,-4.47,0.1,-8.72,2.21,0.66,-0.69,0.0,0.5048003196716309,-2.012662649154663,40.48802185058594,-9.335216522216797,0.6754981899485353,0.003140588262785274,0.0,0.0,0.0,-0.0008036637809928399,0.9999996770622114,-0.06309272374151326,0.0,0.0,0.0,0.0,-0.002042959131379373
1750345036.13467,0.04571533203125,0.94500732421875,-0.00811767578125,0.32366943359375,-6.0,0.13,-7.75,2.09,-0.43,0.2,0.0,0.39867332577705383,-2.289355754852295,34.120399475097656,-7.867201328277588,0.6698433319068218,0.0031505037750279336,0.0,0.0,0.0,-0.0009497844420644779,0.999999548954655,-0.06566740832501172,0.0,0.0,0.0,0.0,-0.003065930256016344
1750345036.2912865,0.0384521484375,0.88128662109375,0.00201416015625,0.47100830078125,-8.14,0.39,-5.45,1.3,1.61,-0.11,0.0,0.22177881002426147,-2.8680264949798584,23.506729125976562,-6.936295032501221,0.6706601473840289,0.003151031681613878,0.0,0.0,0.0,-0.000146121366598981,0.999999989324273,-0.06604521201487051,0.0,0.0,0.0,0.0,0.001313655225868076
1750345036.435822,0.0550537109375,0.73199462890625,-0.02386474609375,0.6787109375,-9.76,0.39,-0.76,-3.0,-1.24,3.53,0.0,0.0,-4.90902042388916,5.166959285736084,-5.4460601806640625,0.675938017561667,0.0031440908206524904,0.0,0.0,0.0,-0.001168965082789223,0.9999993167600842,-0.05781243169388618,0.0,0.0,0.0,0.0,-0.0008801434437161978
1750345036.5856707,0.04669189453125,0.65936279296875,-0.0406494140625,0.749267578125,-9.74,0.16,1.04,-1.87,1.11,3.79,0.0,-0.23266632854938507,6.125695705413818,-24.15997886657715,-9.560741424560547,0.684106153989904,0.0031422821479002118,0.0,0.0,0.0,-0.0002922418723951159,0.9999999572973431,-0.02878759785608474,0.0,0.0,0.0,0.0,-0.0008760036249018119
1750345036.7400508,0.05340576171875,0.70849609375,-0.0494384765625,0.701904296875,-9.8,0.04,-0.09,2.3,-0.53,0.7,0.0,-0.4285309612751007,5.296494483947754,-35.91185760498047,-10.017372131347656,0.6884415497775738,0.0031451328496634023,0.0,0.0,0.0,0.0009497829346222842,0.9999995489560868,-0.013134179963079865,0.0,0.0,0.0,0.0,-0.00014659618806074659
1750345036.8881629,0.0518798828125,0.75787353515625,-0.05157470703125,0.6483154296875,-9.68,-0.1,-1.51,-1.66,0.07,2.14,0.0,-0.2991298735141754,4.104729652404785,-28.14779281616211,-10.606400489807129,0.6944734000075565,0.0031547178296445423,0.0,0.0,0.0,0.0005114213188953443,0.9999998692241088,0.012584730415433672,0.0,0.0,0.0,0.0,0.004379660033746709
1750345037.035795,0.0399169921875,0.8529052734375,-0.04095458984375,0.5189208984375,-8.71,-0.27,-4.49,0.03,1.37,2.43,0.0,-0.16126714646816254,2.7967965602874756,-19.876028060913086,-10.122241973876953,0.6891326957385036,0.0031488649338062336,0.0,0.0,0.0,0.0005844815626288879,0.9999998291906369,0.013648811508174522,0.0,0.0,0.0,0.0,0.0027743020621124426
1750345037.1852176,0.02874755859375,0.95843505859375,-0.0242919921875,0.28289794921875,-5.33,-0.29,-8.22,3.58,-1.19,-2.35,0.0,0.0,1.20603609085083,-1.5068994760513306,-8.17379379272461,0.6709114867513524,0.0031171169918932395,0.0,0.0,0.0,0.0008767225024647263,0.999999615678753,0.002779716652394899,0.0,0.0,0.0,0.0,0.003504622386862378
1750345037.3359325,0.03375244140625,0.9788818359375,-0.02056884765625,0.2005615234375,-3.86,-0.26,-9.0,4.52,-0.59,-2.3,0.0,0.30041688680648804,0.18520645797252655,28.225013732910156,-6.998282432556152,0.6665761094768553,0.0031041304596909846,0.0,0.0,0.0,0.002118745983546191,0.9999977554552096,-0.0040678573921729844,0.0,0.0,0.0,0.0,0.004529076671491187
1750345037.4865475,0.035888671875,0.96710205078125,-0.021728515625,0.25079345703125,-4.77,-0.23,-8.56,2.7,-0.26,-0.71,0.0,0.4625203013420105,0.6110613942146301,37.95121765136719,-7.824560165405273,0.657591205490556,0.0030745814014884808,0.0,0.0,0.0,0.002337926411014364,0.9999972670463139,-0.023806884981896405,0.0,0.0,0.0,0.0,0.003362581585685532
1750345037.6355171,0.03106689453125,0.94482421875,-0.02001953125,0.325439453125,-6.04,-0.17,-7.72,2.75,0.0,-1.06,0.0,0.3642590343952179,0.005642237141728401,32.0555419921875,-7.670518398284912,0.6534443607189772,0.0030527673896454492,0.0,0.0,0.0,0.002922406626699545,0.9999957297606367,-0.030652737361396534,0.0,0.0,0.0,0.0,0.0064298621512374554
1750345037.7850943,0.03302001953125,0.8782958984375,-0.01641845703125,0.4766845703125,-8.39,0.03,-5.06,2.78,1.1,2.55,0.0,0.21614018082618713,-0.8917773365974426,23.168411254882812,-6.573513031005859,0.6612353906911267,0.003095927162318326,0.0,0.0,0.0,0.0024840465476116316,0.9999969147516152,-0.030971913656061587,0.0,0.0,0.0,0.0,0.003361306262815894
1750345037.9380453,0.05865478515625,0.72198486328125,-0.043212890625,0.68804931640625,-9.79,0.18,-0.33,-4.52,0.65,5.39,0.0,0.0,-2.799475908279419,4.296599388122559,-6.0809807777404785,0.6680839008259953,0.00314246080381821,0.0,0.0,0.0,0.004310543160824767,0.9999907095656733,-0.026384582175805575,0.0,0.0,0.0,0.0,0.00760067959515167
1750345038.0885735,0.05157470703125,0.68994140625,-0.0362548828125,0.72113037109375,-9.79,0.23,0.41,-0.01,0.72,0.99,0.0,-0.2606695890426636,4.857461452484131,-25.840173721313477,-10.869476318359375,0.6860534508965392,0.003255065285483366,0.0,0.0,0.0,0.0031415864349282944,0.9999950652051598,0.006718931195098064,0.0,0.0,0.0,0.0,0.004237398191551384
1750345038.2360675,0.05438232421875,0.70526123046875,-0.0428466796875,0.70556640625,-9.8,0.15,-0.07,-1.56,0.12,2.05,0.0,-0.34825316071510315,5.543394565582275,-31.095190048217773,-10.11281681060791,0.6922108567618714,0.00329285414574432,0.0,0.0,0.0,0.002995466613548756,0.9999955135798195,0.021298786235844556,0.0,0.0,0.0,0.0,0.0042373340844898185
1750345038.3854654,0.04998779296875,0.79412841796875,-0.04547119140625,0.60394287109375,-9.45,-0.11,-2.61,1.92,-0.1,1.67,0.0,-0.30726566910743713,4.870774745941162,-28.635940551757812,-10.518777847290039,0.7035204482527906,0.0033491519386799396,0.0,0.0,0.0,0.0021187458276042278,0.99999775545554,0.03990016846352115,0.0,0.0,0.0,0.0,0.0021904332658836028
1750345038.5374818,0.025634765625,0.92010498046875,-0.03125,0.3895263671875,-7.04,-0.36,-6.81,1.88,0.72,4.49,0.0,-0.05163263902068138,2.5307421684265137,-13.297958374023438,-9.474164962768555,0.7008815452708647,0.003335655895098635,0.0,0.0,0.0,0.0029954664056264105,0.9999955135804424,0.04329609302233757,0.0,0.0,0.0,0.0,0.0013123462144606396
1750345038.6882343,0.01995849609375,0.97662353515625,-0.0252685546875,0.212646484375,-4.08,-0.4,-8.9,3.49,1.22,-3.52,0.0,0.08349146693944931,-0.05003338307142258,15.209487915039062,-6.621952056884766,0.6930277142589893,0.0032871482684019007,0.0,0.0,0.0,0.0036530054689760164,0.9999933277532623,0.03852991054313742,0.0,0.0,0.0,0.0,0.0013088233578053862
1750345038.8357358,0.030029296875,0.9776611328125,-0.037841796875,0.2044677734375,-3.94,-0.6,-8.95,2.88,-0.13,-1.84,0.0,0.4381774961948395,1.508815050125122,36.49065017700195,-6.908473491668701,0.6928392227175516,0.0032859226105203697,0.0,0.0,0.0,0.002849346520289967,0.9999959406039644,0.031617799349131066,0.0,0.0,0.0,0.0,0.0007232044341177186
1750345038.9853315,0.02838134765625,0.9644775390625,-0.03973388671875,0.25970458984375,-4.93,-0.6,-8.45,2.09,-0.01,-1.05,0.0,0.45101165771484375,3.0854978561401367,37.26070022583008,-9.309560775756836,0.6857393397366521,0.003245264668875941,0.0,0.0,0.0,0.003068526324505914,0.9999952920620155,0.010054088086883593,0.0,0.0,0.0,0.0,0.0008696234940508353
1750345039.1345754,0.02374267578125,0.93902587890625,-0.038818359375,0.34088134765625,-6.29,-0.55,-7.49,1.09,0.28,0.04,0.0,0.3429217040538788,2.459606647491455,30.77530288696289,-8.62385082244873,0.6857393397366521,0.003245264668875941,0.0,0.0,0.0,0.0029224063927869443,0.9999957297613202,-0.0003051792590016006,0.0,0.0,0.0,0.0,-0.00044428063274338744
1750345039.2881372,0.02093505859375,0.89666748046875,-0.0372314453125,0.44061279296875,-7.76,-0.47,-5.97,-1.5,0.38,1.5,0.0,0.18148261308670044,1.4193341732025146,21.088956832885742,-7.337579727172852,0.6961691511868763,0.003320805458032013,0.0,0.0,0.0,0.003068526246535124,0.9999952920622548,-0.004642198932496792,0.0,0.0,0.0,0.0,0.0017495034820871652
1750345039.4358099,0.0120849609375,0.84979248046875,-0.029541015625,0.526123046875,-8.77,-0.36,-4.36,-1.67,0.51,1.82,0.0,0.0,0.30235469341278076,8.7272367477417,-6.351961612701416,0.7057194128392883,0.003379416742931562,0.0,0.0,0.0,0.003068526246535124,0.9999952920622548,0.0022128588317977017,0.0,0.0,0.0,0.0,0.0018957031191527201
1750345039.5905886,0.00970458984375,0.81494140625,-0.02349853515625,0.5789794921875,-9.25,-0.26,-3.22,-0.42,0.46,1.14,0.0,0.0,0.7135676145553589,-2.378391742706299,-4.737965106964111,0.7375117593689613,0.003569940200587802,0.0,0.0,0.0,0.0027762864766420004,0.9999961461092736,0.040566359923073544,0.0,0.0,0.0,0.0,-0.00015061092453307707
1750345039.7359917,0.01641845703125,0.7982177734375,-0.025146484375,0.6015625,-9.42,-0.2,-2.69,-0.61,0.19,-0.5,0.0,0.0,1.5291852951049805,-9.590967178344727,-4.094936370849609,0.751271760344143,0.0036393071285103855,0.0,0.0,0.0,0.0022648661158790966,0.9999974351874494,0.05823556877929638,0.0,0.0,0.0,0.0,-0.002773727977721257
1750345039.8906713,0.01763916015625,0.80218505859375,-0.0225830078125,0.59637451171875,-9.39,-0.14,-2.82,0.14,0.18,-0.77,0.0,-0.04331672191619873,2.012294054031372,-12.799003601074219,-4.883177280426025,0.7653459244010137,0.003708605212309628,0.0,0.0,0.0,0.0028493466502416244,0.999995940603594,0.07634228680935824,0.0,0.0,0.0,0.0,0.00015030233636436317
1750345040.0351303,0.0137939453125,0.815185546875,-0.01898193359375,0.5787353515625,-9.25,-0.14,-3.23,0.35,0.42,-0.83,0.0,-0.030550546944141388,2.294506549835205,-12.033032417297363,-4.886284351348877,0.7667910317272707,0.0037171572866053024,0.0,0.0,0.0,0.003068526558418605,0.9999952920612978,0.08105523110024233,0.0,0.0,0.0,0.0,4.602155363641393e-06
1750345040.1868641,0.01678466796875,0.83233642578125,-0.01806640625,0.5537109375,-9.04,-0.11,-3.78,0.16,0.09,-0.33,0.0,0.0,2.2293882369995117,-9.517304420471191,-4.293771266937256,0.7625185281846508,0.0036940763050173,0.0,0.0,0.0,0.0026301666051813757,0.9999965411058325,0.07226175884747964,0.0,0.0,0.0,0.0,-0.0032118639095270298
1750345040.3355844,0.01361083984375,0.83935546875,-0.01763916015625,0.5430908203125,-8.94,-0.14,-4.01,-0.05,0.49,-0.16,0.0,0.0,2.322507381439209,-6.032195091247559,-4.5524678230285645,0.7600052887643783,0.003680855691042976,0.0,0.0,0.0,0.0026301666051813757,0.9999965411058325,0.06383788943901696,0.0,0.0,0.0,0.0,-0.0008741800662603106
1750345040.487373,0.01470947265625,0.8409423828125,-0.02264404296875,0.54046630859375,-8.92,-0.21,-4.06,-0.11,0.04,0.11,0.0,0.0,2.084343910217285,-4.581948757171631,-4.20906400680542,0.7595026412693691,0.0036781381210515703,0.0,0.0,0.0,0.002630166605181311,0.9999965411058325,0.03768905826330498,0.0,0.0,0.0,0.0,-0.0008736591281775547
1750345040.6354978,0.0159912109375,0.8389892578125,-0.025634765625,0.54327392578125,-8.94,-0.25,-4.0,-0.05,0.06,0.04,0.0,0.0,1.6511489152908325,-4.257359504699707,-4.595663070678711,0.7596283033307138,0.0036787807899171182,0.0,0.0,0.0,0.002484046495631149,0.9999969147517443,0.022084177654961634,0.0,0.0,0.0,0.0,-0.0005806478977327684
1750345040.7862313,0.0164794921875,0.83935546875,-0.02484130859375,0.542724609375,-8.94,-0.23,-4.01,-0.08,0.2,-0.03,0.0,0.0,1.4649279117584229,-4.66390323638916,-4.885931015014648,0.759691134384863,0.0036790975338963088,0.0,0.0,0.0,0.0025571065572309324,0.999996730597683,-0.0014441663037261573,0.0,0.0,0.0,0.0,0.000146552720618065
1750345040.9367025,0.0196533203125,0.8416748046875,-0.0267333984375,0.53900146484375,-8.9,-0.23,-4.09,-0.04,0.03,-0.04,0.0,0.0,1.567435622215271,-4.582172393798828,-4.892683506011963,0.759691134384863,0.0036790975338963088,0.0,0.0,0.0,0.0025571065572309324,0.999996730597683,-0.005653584209495998,0.0,0.0,0.0,0.0,-0.0005839953490263383
1750345041.0846846,0.02154541015625,0.8426513671875,-0.02825927734375,0.5372314453125,-8.89,-0.23,-4.12,-0.11,0.08,-0.05,0.0,0.0,1.5520801544189453,-4.084672927856445,-5.320688247680664,0.7598796272713988,0.0036801028513107287,0.0,0.0,0.0,0.002776286671569431,0.9999961461087324,-0.005537226199169579,0.0,0.0,0.0,0.0,0.0002731515007317279
1750345041.2380807,0.022216796875,0.84283447265625,-0.02862548828125,0.5369873046875,-8.88,-0.23,-4.13,-0.04,0.07,-0.01,0.0,0.0,1.5069959163665771,-3.859253168106079,-5.597527503967285,0.7598796272713988,0.0036801028513107287,0.0,0.0,0.0,0.002776286671569431,0.9999961461087324,-0.002652384502136501,0.0,0.0,0.0,0.0,0.00027315150073159905
1750345041.3855877,0.0224609375,0.843505859375,-0.0286865234375,0.535888671875,-8.87,-0.23,-4.15,0.04,0.14,-0.05,0.0,0.0,1.5108352899551392,-3.82513427734375,-5.685498237609863,0.759628304146364,0.003678633895737344,0.0,0.0,0.0,0.0030685266103991312,0.9999952920611382,-0.00013365343550000418,0.0,0.0,0.0,0.0,0.0005646733380604539
1750345041.5408797,0.02288818359375,0.8436279296875,-0.0291748046875,0.53570556640625,-8.87,-0.24,-4.16,-0.09,-0.03,-0.1,0.0,0.0,1.5103137493133545,-3.6776843070983887,-5.714693546295166,0.759628304146364,0.003678633895737344,0.0,0.0,0.0,0.0030685266103991312,0.9999952920611382,0.00011747631676557122,0.0,0.0,0.0,0.0,0.0008566846908892795
1750345041.6917396,0.02313232421875,0.8443603515625,-0.0294189453125,0.534423828125,-8.86,-0.24,-4.18,-0.06,0.08,-0.05,0.0,0.0,1.4877725839614868,-3.6547765731811523,-5.784818649291992,0.7599424567608823,0.003680676659279023,0.0,0.0,0.0,0.0034338261462354444,0.9999941044016196,0.00024332291559167314,0.0,0.0,0.0,0.0,0.0017339755020425915
1750345041.8388517,0.023681640625,0.84515380859375,-0.02923583984375,0.53314208984375,-8.85,-0.23,-4.21,0.01,0.11,-0.08,0.0,0.0,1.4678828716278076,-3.487231969833374,-5.824532508850098,0.7600052870999969,0.003681112754455305,0.0,0.0,0.0,0.003506885999975353,0.9999938508563856,0.000303582403330446,0.0,0.0,0.0,0.0,0.0018741138456211332
1750345041.9853606,0.02484130859375,0.84613037109375,-0.02978515625,0.53155517578125,-8.83,-0.23,-4.25,0.03,0.12,-0.07,0.0,0.0,1.5077375173568726,-3.3119864463806152,-5.8710527420043945,0.7600052870999969,0.003681112754455305,0.0,0.0,0.0,0.003506885999975353,0.9999938508563856,0.0001233826800499872,0.0,0.0,0.0,0.0,0.0014550447217130894
1750345042.1370895,0.0255126953125,0.84674072265625,-0.0302734375,0.530517578125,-8.82,-0.23,-4.27,-0.05,0.11,-0.04,0.0,0.0,1.5109825134277344,-3.0995450019836426,-6.019776344299316,0.7600052870999969,0.003681112754455305,0.0,0.0,0.0,0.003506885999975353,0.9999938508563856,0.0001233826800499872,0.0,0.0,0.0,0.0,0.0014550447217130894
1750345042.2854686,0.02520751953125,0.84722900390625,-0.0303955078125,0.52978515625,-8.81,-0.24,-4.28,0.02,0.08,-0.02,0.0,0.0,1.49508798122406,-2.963578462600708,-6.115580081939697,0.7600052870999969,0.003681112754455305,0.0,0.0,0.0,0.003506885999975353,0.9999938508563856,0.0003117555692532998,0.0,0.0,0.0,0.0,0.0010169682351937577
1750345042.4457924,0.02392578125,0.84796142578125,-0.0299072265625,0.5286865234375,-8.8,-0.24,-4.3,0.01,0.04,-0.09,0.0,0.0,1.457764983177185,-2.864816904067993,-6.092606067657471,0.7600052870999969,0.003681112754455305,0.0,0.0,0.0,0.003506885999975353,0.9999938508563856,0.0003745259551933193,0.0,0.0,0.0,0.0,0.0008709905934727822
